,SMB_std,HML_std,RMW_std,CMA_std,MOM_std
1990-01-31,0.065129414,0.113460876,0.09416128,0.06924578,0.0834513
1990-02-28,0.07343485,0.12702943,0.11645166,0.0967597,0.1109971
1990-03-31,0.035534058,0.05936435,0.04748767,0.04185175,0.041742858
1990-04-30,0.032881428,0.051484767,0.039052695,0.04391202,0.032683626
1990-05-31,0.03826195,0.059287712,0.0531002,0.05459304,0.044883303
1990-06-30,0.025956595,0.041629907,0.02791717,0.030659063,0.03194105
1990-07-31,0.03419247,0.05815616,0.052761715,0.03416208,0.041758224
1990-08-31,0.031947915,0.07688353,0.0658551,0.05032779,0.055000484
1990-09-30,0.04033657,0.07978318,0.07275348,0.05257061,0.061702397
1990-10-31,0.022016035,0.061842214,0.04367278,0.030288277,0.02988758
1990-11-30,0.036105312,0.05712977,0.0518789,0.07785313,0.045509346
1990-12-31,0.049562756,0.088548385,0.057630632,0.07512831,0.050616845
1991-01-31,0.06287639,0.06200253,0.048904575,0.082765974,0.10362389
1991-02-28,0.03676038,0.060058117,0.0522667,0.12778234,0.10344315
1991-03-31,0.033000357,0.045677196,0.030915368,0.056743752,0.07122307
1991-04-30,0.043830264,0.04324719,0.039480492,0.06979577,0.06583683
1991-05-31,0.043562908,0.069399014,0.030729683,0.09958351,0.06885791
1991-06-30,0.014285383,0.025978995,0.019781148,0.038016416,0.046629705
1991-07-31,0.04595114,0.03978758,0.02781806,0.05788175,0.07127397
1991-08-31,0.031686675,0.04221539,0.03960944,0.11089019,0.094336316
1991-09-30,0.03989831,0.054844033,0.02663117,0.121596895,0.09809771
1991-10-31,0.034137454,0.032441642,0.036739342,0.044842612,0.053503923
1991-11-30,0.016524125,0.038458206,0.026423119,0.077449925,0.037311036
1991-12-31,0.042242344,0.06023534,0.05920454,0.14631838,0.07106789
1992-01-31,0.13575765,0.13618246,0.08426209,0.17133312,0.13564137
1992-02-29,0.034493163,0.013024464,0.012860484,0.0187188,0.034223475
1992-03-31,0.031875905,0.05028018,0.0366965,0.060381796,0.091514945
1992-04-30,0.026759798,0.031610135,0.016798232,0.032661624,0.052185245
1992-05-31,0.011971707,0.022787057,0.014716277,0.032842167,0.040344305
1992-06-30,0.0401523,0.085151404,0.031147653,0.07115396,0.111456275
1992-07-31,0.027500981,0.020028751,0.014353758,0.022669982,0.03856503
1992-08-31,0.037354056,0.055391047,0.032520626,0.077314064,0.10543607
1992-09-30,0.021491466,0.03632827,0.019886337,0.050082006,0.05631884
1992-10-31,0.03875631,0.030320793,0.020329352,0.053953875,0.062936
1992-11-30,0.03066347,0.040370893,0.023868177,0.0497754,0.0613115
1992-12-31,0.015818292,0.009424122,0.007113905,0.010476104,0.016240234
1993-01-31,0.19595373,0.06398278,0.07147989,0.08314969,0.11556999
1993-02-28,0.11102666,0.060737763,0.078034945,0.07794427,0.056006286
1993-03-31,0.1351096,0.048981715,0.008920351,0.03946908,0.104349285
1993-04-30,0.103951275,0.052888133,0.044050995,0.05284825,0.0331005
1993-05-31,0.12221351,0.054035034,0.016507663,0.04638619,0.10970598
1993-06-30,0.20515104,0.06391504,0.05199018,0.07812384,0.10215985
1993-07-31,0.0743185,0.026698587,0.002235955,0.02003369,0.061319508
1993-08-31,0.11606363,0.06565462,0.009467749,0.038452826,0.11974679
1993-09-30,0.09590291,0.06198595,0.028609982,0.036969855,0.10960249
1993-10-31,0.13206796,0.055191092,0.02086125,0.049578145,0.09741607
1993-11-30,0.16008882,0.0466077,0.011202371,0.051964644,0.097237475
1993-12-31,0.07760026,0.022133436,0.0018559535,0.02234026,0.044810083
1994-01-31,0.050908715,0.0650968,0.055223387,0.068392895,0.046250597
1994-02-28,0.048655387,0.024598189,0.037638888,0.030131988,0.05580947
1994-03-31,0.04167594,0.028852195,0.02047401,0.03139174,0.04410578
1994-04-30,0.021972835,0.04424502,0.05122771,0.052137572,0.04064927
1994-05-31,0.035624534,0.037226748,0.021568399,0.035614673,0.034806054
1994-06-30,0.039830405,0.046524424,0.032398283,0.037096843,0.049596302
1994-07-31,0.037141085,0.03611878,0.03650839,0.045566276,0.05161167
1994-08-31,0.053400476,0.054088663,0.028825512,0.043933064,0.048568964
1994-09-30,0.050184958,0.047376182,0.051189937,0.054314405,0.063976526
1994-10-31,0.045021594,0.054130465,0.02521532,0.042786118,0.059769984
1994-11-30,0.024865272,0.02547692,0.013284042,0.02607049,0.038928892
1994-12-31,0.041888334,0.052860532,0.08118927,0.069990374,0.071716964
1995-01-31,0.077152826,0.15356326,0.06181956,0.11856857,0.16517402
1995-02-28,0.093536794,0.12335213,0.025685798,0.07690053,0.12919027
1995-03-31,0.1061719,0.1190091,0.050535332,0.07244813,0.12952925
1995-04-30,0.09010484,0.12840965,0.029195243,0.079302594,0.13684781
1995-05-31,0.040036198,0.08455945,0.031007249,0.07722993,0.0899113
1995-06-30,0.11644452,0.16216463,0.101053916,0.16097471,0.043661967
1995-07-31,0.06386604,0.12711106,0.059609473,0.11340145,0.14415017
1995-08-31,0.14331226,0.19632964,0.0734998,0.12844348,0.12809378
1995-09-30,0.051059015,0.1173896,0.04820153,0.1109075,0.12573396
1995-10-31,0.08502296,0.13165885,0.033154517,0.099955104,0.07786975
1995-11-30,0.061527163,0.11985879,0.055496413,0.08948547,0.11958409
1995-12-31,0.08975564,0.11716749,0.043360803,0.07658651,0.17368525
1996-01-31,0.06785082,0.080790654,0.023877323,0.056919854,0.023927217
1996-02-29,0.051638,0.08348537,0.029188031,0.07715016,0.03363785
1996-03-31,0.07174579,0.099602476,0.041865446,0.051696833,0.03016783
1996-04-30,0.11363654,0.12899421,0.051457055,0.06734985,0.040465895
1996-05-31,0.07532848,0.123416305,0.039954267,0.10301702,0.03743204
1996-06-30,0.08237173,0.14251144,0.05865324,0.12530668,0.06618019
1996-07-31,0.102299996,0.13082184,0.05580573,0.108648516,0.049536277
1996-08-31,0.090555474,0.13461609,0.046291485,0.110224076,0.039842717
1996-09-30,0.086640246,0.076439455,0.036631133,0.038707454,0.04857892
1996-10-31,0.08836736,0.10232249,0.040711313,0.10602777,0.029235272
1996-11-30,0.09226544,0.0810729,0.039901048,0.04312032,0.0380818
1996-12-31,0.063386604,0.05370514,0.021886962,0.024021229,0.02204395
1997-01-31,0.13301644,0.09197001,0.093373515,0.066606484,0.076973714
1997-02-28,0.015629752,0.062344633,0.01585446,0.015499303,0.0145033505
1997-03-31,0.005134432,0.03822051,0.012997978,0.011031667,0.015495326
1997-04-30,0.042589508,0.08764103,0.028715791,0.020498533,0.026153572
1997-05-31,0.1533498,0.13810295,0.13138591,0.11207591,0.11325408
1997-06-30,0.045740705,0.049712427,0.03672575,0.027594322,0.034666456
1997-07-31,0.05663865,0.09051933,0.026446333,0.0251567,0.024346128
1997-08-31,0.10189864,0.06170905,0.0625502,0.04442197,0.04536991
1997-09-30,0.12605149,0.10565302,0.079125725,0.059300095,0.07032116
1997-10-31,0.11349396,0.06305535,0.07157759,0.04336251,0.057370402
1997-11-30,0.033845324,0.08772813,0.020314587,0.018380336,0.0233967
1997-12-31,0.044408716,0.09900134,0.036549456,0.030206466,0.028050343
1998-01-31,0.0155476965,0.060477123,0.0072475416,0.025490584,0.045377217
1998-02-28,0.019050049,0.06392259,0.0042382716,0.036920276,0.059888326
1998-03-31,0.060955465,0.09597471,0.013607997,0.078649074,0.10139086
1998-04-30,0.0018760312,0.011246926,0.0041464674,0.006122041,0.018863814
1998-05-31,0.10660045,0.08182454,0.024399178,0.09160012,0.11817317
1998-06-30,0.026528383,0.06957578,0.006047317,0.038891394,0.029963031
1998-07-31,0.05244684,0.08168598,0.011893288,0.059892602,0.056969985
1998-08-31,0.12863117,0.061986476,0.038517162,0.095932804,0.15098564
1998-09-30,0.011607126,0.046853233,0.0068089073,0.02582677,0.04747436
1998-10-31,0.05015015,0.089322686,0.013497189,0.06166359,0.078071795
1998-11-30,0.05206138,0.13681817,0.01651554,0.114937685,0.11148184
1998-12-31,0.032004472,0.071383394,0.005789827,0.043851286,0.038374882
1999-01-31,0.1292636,0.04445292,0.05789643,0.065705456,0.1007856
1999-02-28,0.046063446,0.04456409,0.030438047,0.08694375,0.059211303
1999-03-31,0.095512345,0.017088436,0.02294568,0.033796024,0.06611148
1999-04-30,0.12378947,0.016953899,0.022545066,0.03740992,0.07364948
1999-05-31,0.09937772,0.016300898,0.022637354,0.03397398,0.06907748
1999-06-30,0.08983313,0.018006463,0.03011905,0.024535546,0.06456914
1999-07-31,0.017502934,0.02530983,0.0121186115,0.055126924,0.027300075
1999-08-31,0.053381026,0.013994232,0.01624879,0.026078522,0.05389426
1999-09-30,0.08434764,0.0136433,0.021837344,0.022986783,0.059703875
1999-10-31,0.08512065,0.031296253,0.025154075,0.05497832,0.07068912
1999-11-30,0.10811085,0.039435424,0.030632822,0.05512455,0.07371609
1999-12-31,0.12041833,0.03436683,0.05549026,0.06503122,0.08457774
2000-01-31,0.091893926,0.049707267,0.02514788,0.009341737,0.06601903
2000-02-29,0.15353568,0.03892213,0.052439578,0.034750663,0.090713486
2000-03-31,0.11574426,0.05141365,0.036093503,0.0225159,0.08886379
2000-04-30,0.0611599,0.030944344,0.026700635,0.021646384,0.082042895
2000-05-31,0.046580143,0.021626953,0.010249347,0.013653893,0.06455349
2000-06-30,0.16014901,0.059570305,0.059790272,0.035685312,0.08426418
2000-07-31,0.105755396,0.049006525,0.024890656,0.024426633,0.1075257
2000-08-31,0.06846414,0.021250935,0.03126776,0.012040157,0.06868978
2000-09-30,0.05766981,0.03658775,0.017653955,0.0136380065,0.073390394
2000-10-31,0.12929474,0.06553091,0.044562757,0.033230495,0.106294684
2000-11-30,0.103620194,0.053418055,0.027159052,0.027287308,0.10159105
2000-12-31,0.04133599,0.023909368,0.015101752,0.008743263,0.044656266
2001-01-31,0.1365374,0.12800209,0.15350905,0.15165439,0.10110703
2001-02-28,0.09120346,0.026678683,0.010033369,0.030686615,0.08009788
2001-03-31,0.017530907,0.072891474,0.031517968,0.0634336,0.025742227
2001-04-30,0.073385134,0.080372386,0.039154164,0.064940505,0.0853755
2001-05-31,0.036398392,0.032496978,0.011084077,0.018180987,0.026470607
2001-06-30,0.04121589,0.057376046,0.010167577,0.02592126,0.024118297
2001-07-31,0.031178288,0.073578,0.028604785,0.049982365,0.028705325
2001-08-31,0.04953155,0.017113205,0.009148567,0.020431615,0.018259462
2001-09-30,0.015919045,0.14091605,0.062265556,0.10857433,0.045770872
2001-10-31,0.12440885,0.055787012,0.021957275,0.068692796,0.0925871
2001-11-30,0.097908735,0.16273376,0.09283144,0.12011687,0.12772018
2001-12-31,0.09480953,0.14694247,0.03209672,0.083682135,0.050442424
2002-01-31,0.04660778,0.032978978,0.010541207,0.030995198,0.04308318
2002-02-28,0.10237043,0.04120468,0.042414345,0.04831749,0.088552766
2002-03-31,0.030848056,0.020159183,0.0258214,0.020413714,0.04659017
2002-04-30,0.11969921,0.043944787,0.0731069,0.042316604,0.09600925
2002-05-31,0.063266754,0.014820474,0.02442081,0.021163236,0.04137798
2002-06-30,0.09207973,0.034775812,0.045528773,0.032194562,0.08993292
2002-07-31,0.11087323,0.022053117,0.053257525,0.03792874,0.08033665
2002-08-31,0.043664325,0.023542788,0.01583212,0.018892707,0.044639554
2002-09-30,0.122108325,0.04063218,0.073463865,0.049211606,0.08870292
2002-10-31,0.049592838,0.038311876,0.03681054,0.034585033,0.073900454
2002-11-30,0.124823384,0.08118689,0.029134192,0.07978293,0.080079414
2002-12-31,0.1479415,0.042422608,0.097854905,0.09092526,0.083450735
2003-01-31,0.036354292,0.025496406,0.028994735,0.009510116,0.022274718
2003-02-28,0.068002716,0.03408464,0.04292952,0.02952601,0.037793726
2003-03-31,0.046251915,0.033436228,0.046399117,0.024055887,0.038320478
2003-04-30,0.04403424,0.029216629,0.042188283,0.019374426,0.03144097
2003-05-31,0.10408272,0.058957662,0.10244471,0.044933267,0.05878185
2003-06-30,0.07172929,0.055346407,0.06821937,0.042567056,0.054009713
2003-07-31,0.046140227,0.035796493,0.03689803,0.020200243,0.024971265
2003-08-31,0.04755689,0.04253874,0.042250622,0.03211212,0.04282427
2003-09-30,0.035680946,0.028248636,0.050216142,0.02475972,0.025005905
2003-10-31,0.035680205,0.046633285,0.057692986,0.01631541,0.031672083
2003-11-30,0.042802434,0.038621206,0.055856664,0.0150048025,0.026931664
2003-12-31,0.032101247,0.03250201,0.050871726,0.014247166,0.0262952
2004-01-31,0.22571458,0.100451104,0.104003005,0.13206281,0.08926573
2004-02-29,0.17156774,0.08212241,0.04039933,0.11328424,0.043730438
2004-03-31,0.11451649,0.12794818,0.051038913,0.12688257,0.031382147
2004-04-30,0.09049322,0.09894895,0.04689498,0.1107366,0.018790025
2004-05-31,0.15483133,0.10080244,0.07818883,0.13366598,0.07139791
2004-06-30,0.1053035,0.11254593,0.06745858,0.10667239,0.02352348
2004-07-31,0.09526904,0.12087534,0.074550174,0.11818371,0.02766474
2004-08-31,0.11128842,0.063535996,0.02501028,0.08752793,0.034463916
2004-09-30,0.16915266,0.12755471,0.065724306,0.1271558,0.042848058
2004-10-31,0.082141854,0.023649512,0.024998035,0.034683358,0.033960655
2004-11-30,0.27613232,0.09459513,0.07917599,0.10764198,0.050281696
2004-12-31,0.1652918,0.1091238,0.058899846,0.12930162,0.039785422
2005-01-31,0.08320255,0.18068884,0.11454227,0.10598489,0.11715914
2005-02-28,0.15158731,0.046235126,0.031197375,0.05151479,0.04118828
2005-03-31,0.14532995,0.09977613,0.052943226,0.045577317,0.10524945
2005-04-30,0.0735116,0.04644129,0.027980927,0.04644659,0.04434522
2005-05-31,0.1389646,0.061889682,0.034700796,0.038265754,0.08135942
2005-06-30,0.17235895,0.09251978,0.048977334,0.061873652,0.086552024
2005-07-31,0.1724726,0.09322791,0.054035258,0.026322234,0.093195364
2005-08-31,0.14609052,0.06498476,0.037147466,0.033704296,0.08759726
2005-09-30,0.11946609,0.09521273,0.048043344,0.022797493,0.10226499
2005-10-31,0.13083853,0.08901241,0.0477426,0.011232393,0.08057036
2005-11-30,0.25726485,0.14644137,0.10830736,0.120780066,0.14014773
2005-12-31,0.18500125,0.21451415,0.14305976,0.12322691,0.14386229
2006-01-31,0.116434895,0.08475126,0.095991686,0.102315,0.09569215
2006-02-28,0.09597524,0.09638978,0.11465622,0.09890727,0.10563676
2006-03-31,0.116600886,0.06416307,0.08917098,0.09681079,0.08681957
2006-04-30,0.12810454,0.08360165,0.14248736,0.11596053,0.100705214
2006-05-31,0.073444575,0.05531991,0.085889645,0.07819275,0.100155406
2006-06-30,0.016101282,0.063152105,0.05949101,0.06685168,0.0568113
2006-07-31,0.034463175,0.032890078,0.06484712,0.073917024,0.09323264
2006-08-31,0.12344431,0.066394106,0.13393669,0.13065645,0.07768911
2006-09-30,0.06477609,0.031965528,0.06606227,0.07703574,0.067693286
2006-10-31,0.14768943,0.08011694,0.13044977,0.13198139,0.10012021
2006-11-30,0.10973528,0.05243798,0.065475725,0.07446155,0.10359415
2006-12-31,0.053164918,0.08794723,0.09829805,0.08404646,0.113927476
2007-01-31,0.10045997,0.0800438,0.031433288,0.108412124,0.032069113
2007-02-28,0.13288262,0.08301036,0.041161012,0.11164949,0.02169373
2007-03-31,0.10308557,0.102569364,0.04719292,0.12283745,0.030383328
2007-04-30,0.13885488,0.13193111,0.05782251,0.17038569,0.03558777
2007-05-31,0.055324405,0.057308942,0.01161343,0.07932865,0.021132112
2007-06-30,0.097975835,0.0815903,0.029047458,0.10941924,0.029092463
2007-07-31,0.05733683,0.07670123,0.026505837,0.10630447,0.01593037
2007-08-31,0.06849072,0.011397611,0.015598616,0.025262477,0.014930636
2007-09-30,0.09391874,0.04323712,0.019023689,0.05817451,0.01954666
2007-10-31,0.1194568,0.13552448,0.060986727,0.15517154,0.028125968
2007-11-30,0.07517908,0.034746822,0.01125729,0.045278374,0.018452166
2007-12-31,0.1446528,0.1381502,0.060892787,0.17506093,0.031041708
2008-01-31,0.17142612,0.006639943,0.028444665,0.025159083,0.044362746
2008-02-29,0.08413207,0.016439497,0.09739199,0.05784463,0.09381759
2008-03-31,0.32175356,0.20969704,0.14188993,0.29426005,0.16502559
2008-04-30,0.2677463,0.1518164,0.08851445,0.2043712,0.22043903
2008-05-31,0.082409166,0.02122371,0.10233634,0.06548324,0.10544211
2008-06-30,0.07276363,0.018794047,0.1394347,0.07368672,0.11792959
2008-07-31,0.11635285,0.0038755615,0.018857948,0.0127013605,0.031962954
2008-08-31,0.11997077,0.010296557,0.034634087,0.034181893,0.08787607
2008-09-30,0.25326937,0.0076991227,0.051983133,0.03947603,0.060287237
2008-10-31,0.18741095,0.021228265,0.037416123,0.039547246,0.07434269
2008-11-30,0.23170282,0.026615197,0.049323563,0.045232,0.08832714
2008-12-31,0.3019962,0.007879186,0.10297735,0.045036238,0.08467666
2009-01-31,0.074739225,0.06648828,0.03987361,0.042297255,0.096366964
2009-02-28,0.09359516,0.053539943,0.06237886,0.03089902,0.11279405
2009-03-31,0.07517381,0.05332921,0.04799644,0.029962283,0.06635336
2009-04-30,0.11645663,0.0900632,0.072226465,0.052134436,0.120182425
2009-05-31,0.09497428,0.06444977,0.055632368,0.0309194,0.08311762
2009-06-30,0.05942207,0.049604543,0.03502927,0.020062843,0.064673536
2009-07-31,0.06324242,0.036060482,0.031426076,0.023698017,0.0736186
2009-08-31,0.05076251,0.03846437,0.042054135,0.016092032,0.056979086
2009-09-30,0.054788247,0.040336937,0.032745354,0.015567486,0.066952
2009-10-31,0.041381154,0.033489794,0.023677386,0.023118613,0.06439922
2009-11-30,0.03306345,0.036304187,0.02189015,0.022721523,0.05891798
2009-12-31,0.02828534,0.028554816,0.016662104,0.009460686,0.03933004
2010-01-31,0.0435905,0.06571272,0.021197258,0.04896391,0.026467673
2010-02-28,0.032215636,0.023549289,0.021217713,0.012025065,0.017465634
2010-03-31,0.046820633,0.029649597,0.028540324,0.021658052,0.024234373
2010-04-30,0.032978036,0.05786803,0.03126225,0.025559634,0.02337984
2010-05-31,0.034729823,0.019882338,0.029036088,0.013507015,0.023209771
2010-06-30,0.02326855,0.016228374,0.0193095,0.014050452,0.015616649
2010-07-31,0.034673166,0.023347763,0.016277784,0.0173623,0.015422576
2010-08-31,0.020678869,0.008227217,0.01235907,0.0063995747,0.014022781
2010-09-30,0.042638186,0.028186299,0.024596464,0.020675473,0.021444755
2010-10-31,0.02987672,0.01858002,0.013888026,0.011987713,0.016269129
2010-11-30,0.021707105,0.017771346,0.014383344,0.010566061,0.014314778
2010-12-31,0.038503066,0.036457274,0.022600101,0.02958158,0.02196252
2011-01-31,0.14770202,0.08327447,0.03368637,0.056578513,0.102744676
2011-02-28,0.12583728,0.04739283,0.02677587,0.034522384,0.079635054
2011-03-31,0.14247994,0.043095835,0.015964845,0.03343011,0.073525056
2011-04-30,0.12842141,0.035901897,0.0146479895,0.021438926,0.041017115
2011-05-31,0.13992329,0.050172564,0.011680876,0.028362062,0.07471129
2011-06-30,0.09847656,0.03777838,0.0101257,0.023823615,0.046130355
2011-07-31,0.082912095,0.036931302,0.008874655,0.016349666,0.04845908
2011-08-31,0.10014532,0.031382587,0.0069375266,0.016704738,0.039095666
2011-09-30,0.033832952,0.02573533,0.005679785,0.011021182,0.029392298
2011-10-31,0.09372994,0.054652896,0.029419616,0.03690296,0.085449584
2011-11-30,0.11003112,0.027425222,0.008492863,0.017753659,0.046956524
2011-12-31,0.06649348,0.037210993,0.008747591,0.017292757,0.042012487
2012-01-31,0.12630852,0.14466052,0.1853673,0.17616455,0.08411667
2012-02-29,0.03375498,0.12025437,0.05498214,0.12074573,0.04623797
2012-03-31,0.042080622,0.12672077,0.092408255,0.11499946,0.0609311
2012-04-30,0.029878704,0.17438672,0.0686509,0.16961232,0.061684042
2012-05-31,0.03207656,0.011028389,0.03948238,0.022523973,0.023184832
2012-06-30,0.09286449,0.10082087,0.09664201,0.093989946,0.06412122
2012-07-31,0.016173227,0.004342311,0.027307924,0.019063303,0.021226319
2012-08-31,0.014909701,0.13220564,0.04254367,0.10060052,0.05782144
2012-09-30,0.07919256,0.121457145,0.12958159,0.14148639,0.07611816
2012-10-31,0.054171372,0.03261303,0.04915621,0.046002507,0.033215344
2012-11-30,0.09660139,0.07233943,0.09518196,0.02590448,0.050992172
2012-12-31,0.07054561,0.17751952,0.09297812,0.13279969,0.058750194
2013-01-31,0.06908176,0.03010392,0.01340627,0.025421206,0.051211
2013-02-28,0.07058071,0.05852721,0.03555817,0.060835164,0.06638854
2013-03-31,0.0904652,0.044829234,0.01880203,0.031681847,0.052891027
2013-04-30,0.07438127,0.03066742,0.02026765,0.022884915,0.05224553
2013-05-31,0.08607746,0.036497075,0.024755565,0.041121148,0.09527065
2013-06-30,0.048564475,0.04825364,0.021815425,0.056429584,0.049284425
2013-07-31,0.09899648,0.05937323,0.020790773,0.04561774,0.0890743
2013-08-31,0.068503745,0.03906184,0.020720739,0.0306639,0.04579946
2013-09-30,0.09289954,0.031140555,0.015670678,0.040964905,0.053859316
2013-10-31,0.05405044,0.022247417,0.01361449,0.019846592,0.047662623
2013-11-30,0.047970943,0.025000978,0.015307497,0.036542922,0.026704896
2013-12-31,0.08215111,0.055157363,0.02321502,0.043066353,0.068202555
2014-01-31,0.0984347,0.07399713,0.023126362,0.047308095,0.04903472
2014-02-28,0.06367182,0.008236079,0.013104832,0.009287449,0.047415663
2014-03-31,0.06784774,0.039418798,0.015679147,0.023107965,0.04383651
2014-04-30,0.057344407,0.009904561,0.010032605,0.00834952,0.039997052
2014-05-31,0.10905705,0.027389245,0.025277864,0.015816037,0.08281367
2014-06-30,0.06325669,0.03144613,0.020301355,0.02192083,0.06011661
2014-07-31,0.06940446,0.028239008,0.019326616,0.020274157,0.073350534
2014-08-31,0.120498545,0.024213176,0.031059943,0.026528351,0.085032016
2014-09-30,0.099072225,0.008402245,0.01586292,0.007711807,0.048082914
2014-10-31,0.099752575,0.026938783,0.038888086,0.027190775,0.09017045
2014-11-30,0.09531543,0.011789512,0.020721924,0.008888682,0.051441424
2014-12-31,0.07632539,0.01429168,0.019657895,0.017262677,0.07201659
2015-01-31,0.16189718,0.06376752,0.030502766,0.06167672,0.10882838
2015-02-28,0.20300658,0.10763284,0.054498613,0.095129296,0.17582627
2015-03-31,0.063992426,0.050183117,0.021950522,0.039045658,0.07493561
2015-04-30,0.11490371,0.2164475,0.081986874,0.18060233,0.12124354
2015-05-31,0.10910121,0.08029187,0.02246062,0.07449996,0.106529616
2015-06-30,0.16037156,0.05311828,0.027832028,0.056550782,0.08660141
2015-07-31,0.2316073,0.0917008,0.062198676,0.09677281,0.069844246
2015-08-31,0.15339656,0.065563545,0.033898786,0.061066877,0.16265537
2015-09-30,0.19171643,0.11571681,0.053557776,0.08469535,0.11696501
2015-10-31,0.07035551,0.08372542,0.020650575,0.068676144,0.068251975
2015-11-30,0.14894144,0.06999747,0.033152808,0.07064882,0.10437661
2015-12-31,0.15860848,0.10615358,0.047976997,0.08708813,0.14927384
2016-01-31,0.028506653,0.10790739,0.11122833,0.047545914,0.06706546
2016-02-29,0.073694326,0.1070822,0.035232875,0.045778736,0.06974916
2016-03-31,0.06763832,0.09350633,0.11556609,0.058639605,0.04122306
2016-04-30,0.11607715,0.21722151,0.15152386,0.13897733,0.07677132
2016-05-31,0.0558122,0.10616873,0.047449253,0.057598494,0.06939393
2016-06-30,0.06611815,0.12735176,0.07539167,0.069953606,0.05002857
2016-07-31,0.04193988,0.07392467,0.04191043,0.037818607,0.038577884
2016-08-31,0.061664134,0.11046659,0.12733014,0.07996203,0.06325293
2016-09-30,0.08930376,0.12681234,0.09820702,0.07390331,0.043600712
2016-10-31,0.019660745,0.111922674,0.112914726,0.036147974,0.05601955
2016-11-30,0.105675854,0.13693935,0.13790052,0.12574069,0.075967744
2016-12-31,0.029772047,0.1193102,0.09311016,0.056891307,0.06634081
2017-01-31,0.07270239,0.020023786,0.064261705,0.035848718,0.0849468
2017-02-28,0.060739063,0.020777306,0.04669573,0.03180595,0.06701227
2017-03-31,0.019255945,0.052600335,0.021094931,0.0029881303,0.021964397
2017-04-30,0.08049958,0.022430703,0.06424347,0.03682454,0.0978183
2017-05-31,0.016977716,0.03376688,0.020084526,0.0015173649,0.026750157
2017-06-30,0.08858674,0.032013442,0.08077456,0.056069594,0.09312127
2017-07-31,0.030472463,0.016956849,0.033918273,0.0062769963,0.05057047
2017-08-31,0.0916212,0.02870806,0.078938335,0.041895136,0.1051938
2017-09-30,0.019535778,0.05031765,0.043329205,0.003525825,0.060838036
2017-10-31,0.016061211,0.035980813,0.0136399865,0.001852187,0.02491674
2017-11-30,0.055484217,0.09768629,0.067470565,0.021092955,0.1064246
2017-12-31,0.036931653,0.049349554,0.0390069,0.0074001816,0.05598123
2018-01-31,0.085120246,0.1069917,0.011813732,0.067980774,0.010365138
2018-02-28,0.09456268,0.045535933,0.018565664,0.04474318,0.0049559497
2018-03-31,0.124676235,0.08494136,0.017992383,0.07211567,0.009782988
2018-04-30,0.087263934,0.11411588,0.00913289,0.07151371,0.01374148
2018-05-31,0.14046293,0.08794663,0.02848582,0.07403803,0.0091082305
2018-06-30,0.109717384,0.11108491,0.032794613,0.0799346,0.02220685
2018-07-31,0.12267248,0.17631622,0.016212098,0.12086273,0.023060324
2018-08-31,0.07020681,0.07638378,0.013344153,0.05634792,0.0046152733
2018-09-30,0.13286915,0.124720834,0.013621658,0.084012255,0.012438039
2018-10-31,0.14894351,0.10774148,0.014693061,0.078860484,0.02467436
2018-11-30,0.14742854,0.119574614,0.011067343,0.089012146,0.01513141
2018-12-31,0.18887097,0.11536162,0.04227831,0.12664628,0.018564926
2019-01-31,0.030091247,0.06612347,0.11618076,0.074798964,0.04311222
2019-02-28,0.0924584,0.11542868,0.15068027,0.17216821,0.10185712
2019-03-31,0.019430663,0.03758197,0.04457455,0.043248653,0.031050036
2019-04-30,0.093506575,0.0791985,0.1228001,0.1051133,0.06963267
2019-05-31,0.088290446,0.07170725,0.10540451,0.100376055,0.08182785
2019-06-30,0.12295361,0.05630378,0.066735454,0.084222406,0.03147907
2019-07-31,0.031966183,0.064427204,0.1221848,0.058079008,0.09981962
2019-08-31,0.034459017,0.047765676,0.05738857,0.058784388,0.026344338
2019-09-30,0.06055414,0.03803474,0.10531586,0.03638022,0.03016641
2019-10-31,0.1487859,0.09702062,0.12379709,0.13757496,0.06475719
2019-11-30,0.13138206,0.1278856,0.17893672,0.17738287,0.12462062
2019-12-31,0.12088196,0.08219978,0.15694171,0.14905293,0.08584331
2020-01-31,0.15320323,0.062513925,0.036859106,0.04513935,0.10554376
2020-02-29,0.0802917,0.07934358,0.07389665,0.061399776,0.09095512
2020-03-31,0.06426937,0.0872936,0.02140441,0.06281961,0.038468078
2020-04-30,0.16647333,0.23496655,0.08155354,0.2067882,0.084340654
2020-05-31,0.15229872,0.30938688,0.1788341,0.27514818,0.16267389
2020-06-30,0.14841275,0.37934676,0.23480885,0.36173204,0.16992968
2020-07-31,0.19048306,0.2432981,0.095814005,0.21075565,0.14499655
2020-08-31,0.14081524,0.19294195,0.12023569,0.16938443,0.13716689
2020-09-30,0.055924967,0.1923306,0.12813495,0.1680983,0.06856691
2020-10-31,0.17340873,0.041545674,0.105310135,0.057655852,0.065121904
2020-11-30,0.16913545,0.067676224,0.12271889,0.067295216,0.09778417
2020-12-31,0.124598496,0.20297855,0.088886194,0.17717303,0.12887307
2021-01-31,0.07728273,0.10384641,0.010207581,0.06829237,0.10249047
2021-02-28,0.1818018,0.07443993,0.06754314,0.09860731,0.14813013
2021-03-31,0.10758632,0.12136997,0.05306276,0.08428192,0.1098233
2021-04-30,0.107105434,0.11544217,0.061932515,0.10822578,0.15145375
2021-05-31,0.09945036,0.09585595,0.022370825,0.06237736,0.08253367
2021-06-30,0.0339643,0.06339827,0.00013349691,0.028627777,0.027588667
2021-07-31,0.10178411,0.11010236,0.02989923,0.0732204,0.07908824
2021-08-31,0.026873956,0.04125112,0.0012994135,0.02337667,0.021042159
2021-09-30,0.071693525,0.10727231,0.028979562,0.06339958,0.06539224
2021-10-31,0.07157478,0.09413219,0.023948299,0.057309132,0.088459186
2021-11-30,0.09421617,0.13403578,0.047379404,0.09739969,0.113795035
