,SMB,HML,RMW,CMA,MOM,EW
1990-01-31,-0.0121,0.0,-0.011200000000000002,0.013999999999999999,-0.029900000000000003,-0.007840000000000001
1990-02-28,0.0115,0.006500000000000001,-0.0004,-0.0060999999999999995,-0.0051,0.0012800000000000003
1990-03-31,0.0159,-0.028999999999999998,0.0199,-0.0,0.0173,0.0048200000000000005
1990-04-30,-0.0034999999999999996,-0.025699999999999997,0.0178,-0.0,0.0,-0.0022799999999999995
1990-05-31,-0.0241,-0.0,0.0168,-0.0,0.0311,0.0047599999999999995
1990-06-30,0.0131,-0.02,-0.0,-0.0,0.025099999999999997,0.0036399999999999996
1990-07-31,-0.0315,-0.0006,-0.001,0.0,0.0,-0.006620000000000001
1990-08-31,-0.0379,0.015600000000000001,-0.0,0.0,0.0196,-0.0005400000000000002
1990-09-30,-0.037200000000000004,0.0059,0.0,0.0362,0.0572,0.01242
1990-10-31,-0.0506,0.0,0.0317,-0.0,0.06709999999999999,0.00964
1990-11-30,0.0002,-0.0297,0.0,-0.0,-0.0,-0.005900000000000001
1990-12-31,0.006,-0.0,0.026600000000000002,-0.0,0.0,0.006520000000000001
1991-01-31,0.0387,-0.0,0.0134,-0.0,-0.0645,-0.0024800000000000004
1991-02-28,0.04019999999999999,-0.0062,-0.0006,-0.0034000000000000002,-0.049,-0.003800000000000002
1991-03-31,0.0381,-0.0,-0.0052,-0.009899999999999999,0.0274,0.01008
1991-04-30,0.0034999999999999996,0.0149,0.0,0.008100000000000001,-0.0,0.005300000000000001
1991-05-31,0.0014000000000000002,-0.0052,0.0,-0.0236,-0.001,-0.00568
1991-06-30,0.003,0.0108,0.0,0.0068000000000000005,0.0042,0.00496
1991-07-31,-0.01,-0.0,0.0,-0.0,0.0425,0.006500000000000001
1991-08-31,0.014199999999999999,-0.0,0.0,-0.0032,0.0158,0.00536
1991-09-30,0.0,-0.0123,-0.0,-0.0004,0.0,-0.0025399999999999997
1991-10-31,0.0085,-0.0,-0.0165,-0.0,0.0318,0.00476
1991-11-30,-0.0,-0.0177,0.0,-0.0012,0.0,-0.00378
1991-12-31,-0.0,-0.0,0.036699999999999997,-0.0,0.0,0.007339999999999999
1992-01-31,0.0,0.0467,-0.0,0.0325,-0.025099999999999997,0.01082
1992-02-29,0.013000000000000001,0.06509999999999999,0.0,0.0,-0.0,0.015619999999999998
1992-03-31,-0.0089,0.0349,-0.0,0.0,-0.0,0.005200000000000001
1992-04-30,-0.0,0.0436,0.0,0.0,-0.0,0.00872
1992-05-31,0.002,0.0111,-0.0,0.0,0.0,0.00262
1992-06-30,-0.0276,0.032400000000000005,-0.0,0.0,-0.0,0.0009600000000000011
1992-07-31,-0.006500000000000001,-0.0051,0.0,-0.0,0.0,-0.00232
1992-08-31,-0.0039000000000000003,-0.0109,0.0,-0.0,-0.0,-0.00296
1992-09-30,0.004699999999999999,-0.0,0.0161,-0.0,0.0,0.00416
1992-10-31,0.0209,-0.019799999999999998,0.0,-0.0,0.0,0.00022000000000000006
1992-11-30,0.0,-0.0,-0.0054,-0.0,-0.0,-0.00108
1992-12-31,0.0,0.0264,-0.0,0.0,0.0,0.00528
1993-01-31,0.0194,0.059000000000000004,-0.0,0.0294,0.0484,0.03124
1993-02-28,-0.0337,0.06480000000000001,-0.004699999999999999,0.0,0.031200000000000002,0.011520000000000002
1993-03-31,0.0009,0.0,-0.0022,0.0,0.037200000000000004,0.007180000000000001
1993-04-30,-0.0,0.0255,-0.0369,0.0,0.0036,-0.0015600000000000008
1993-05-31,0.0194,-0.0346,-0.0014000000000000002,-0.0,0.0019,-0.002939999999999999
1993-06-30,0.0012,0.0264,-0.0091,0.0,0.0454,0.01278
1993-07-31,0.0096,0.0,-0.0184,0.0,0.0323,0.0047
1993-08-31,0.0008,0.0018,-0.0,0.0,0.0259,0.005699999999999999
1993-09-30,0.0302,-0.0024,0.0,-0.0019,0.034300000000000004,0.01204
1993-10-31,0.0,-0.0,0.0060999999999999995,0.0,-0.0269,-0.00416
1993-11-30,-0.0,-0.0078000000000000005,0.0,-0.0103,-0.048,-0.01322
1993-12-31,0.013500000000000002,0.0,0.011399999999999999,-0.0,0.0235,0.00968
1994-01-31,-0.0005,0.0,-0.0154,0.0,0.001,-0.00298
1994-02-28,0.0,-0.0152,0.0208,-0.009399999999999999,-0.0037,-0.0015
1994-03-31,-0.0,0.0167,0.006500000000000001,0.0139,-0.0131,0.004799999999999999
1994-04-30,-0.0,0.0166,0.0105,0.011399999999999999,0.0034000000000000002,0.00838
1994-05-31,-0.024900000000000002,0.006,0.0064,0.006,-0.0207,-0.00544
1994-06-30,-0.0,0.0177,0.0,0.015,-0.0088,0.0047799999999999995
1994-07-31,-0.0,0.0,-0.0066,0.0,0.0014000000000000002,-0.00104
1994-08-31,0.0144,-0.0,0.0098,-0.0,0.0154,0.00792
1994-09-30,0.0271,-0.0,0.005600000000000001,0.0,0.013300000000000001,0.0092
1994-10-31,-0.0,-0.0166,0.0018,-0.0073,0.0143,-0.0015600000000000002
1994-11-30,0.0,-0.0,0.0048,-0.0,-0.0015,0.0006599999999999999
1994-12-31,-0.0,-0.0009,0.0,0.0036,0.0345,0.00744
1995-01-31,-0.030699999999999998,0.0259,0.0,-0.006500000000000001,-0.018000000000000002,-0.00586
1995-02-28,-0.0049,0.009899999999999999,0.0060999999999999995,-0.004,-0.0046,0.0004999999999999998
1995-03-31,-0.0053,-0.0213,-0.0,0.0023,0.0042,-0.00402
1995-04-30,-0.0026,0.0167,0.0,0.008199999999999999,0.0179,0.00804
1995-05-31,-0.0217,0.022799999999999997,0.0,0.0001,-0.0055000000000000005,-0.0008600000000000007
1995-06-30,0.0305,-0.0,-0.0023,-0.0,0.030299999999999997,0.011699999999999999
1995-07-31,0.0212,-0.0,0.0022,-0.0,0.0252,0.009720000000000001
1995-08-31,0.017,0.0268,-0.0,0.0149,0.0014000000000000002,0.01202
1995-09-30,-0.018600000000000002,-0.0,0.009899999999999999,0.0,0.0287,0.003999999999999999
1995-10-31,-0.0407,-0.0,0.0,-0.001,0.0418,1.9999999999999185e-05
1995-11-30,-0.0106,0.0052,-0.0,0.01,-0.0072,-0.00052
1995-12-31,0.006500000000000001,0.0024,-0.0,0.0302,0.024900000000000002,0.0128
1996-01-31,-0.0,0.0,0.0026,0.0,0.0054,0.0016
1996-02-29,0.0177,-0.0,0.0016,-0.0189,0.005600000000000001,0.0012000000000000003
1996-03-31,0.015600000000000001,0.0,0.0144,-0.0,-0.018500000000000003,0.002299999999999999
1996-04-30,0.047,-0.0,-0.0,-0.0,-0.009399999999999999,0.007520000000000001
1996-05-31,0.0323,-0.0,0.0003,-0.0,0.016,0.009720000000000001
1996-06-30,-0.0,0.0,0.035,0.0,0.01,0.009000000000000001
1996-07-31,-0.0378,0.0,0.028999999999999998,0.0,-0.0014000000000000002,-0.0020400000000000006
1996-08-31,0.0258,-0.0,-0.0,-0.0,-0.0002,0.00512
1996-09-30,-0.0141,-0.0,0.013000000000000001,-0.0,0.026600000000000002,0.0051
1996-10-31,-0.0,0.048799999999999996,0.0138,0.0297,0.0378,0.026019999999999998
1996-11-30,-0.0382,0.0,0.0206,-0.0,-0.023399999999999997,-0.008199999999999999
1996-12-31,0.0,0.0,0.0023,0.0,0.005699999999999999,0.0016
1997-01-31,-0.0,-0.0,0.012199999999999999,-0.0,0.0187,0.00618
1997-02-28,-0.0,0.056100000000000004,0.0072,0.0347,-0.0,0.0196
1997-03-31,-0.0,0.0339,0.0,0.015300000000000001,0.0,0.00984
1997-04-30,-0.0,0.0,0.0336,-0.0,0.0482,0.01636
1997-05-31,0.0,-0.041100000000000005,-0.0104,-0.0,-0.0521,-0.02072
1997-06-30,0.0,0.0144,0.005600000000000001,0.0045000000000000005,0.0259,0.01008
1997-07-31,-0.0274,0.0013,0.0,-0.0256,0.037000000000000005,-0.0029399999999999995
1997-08-31,0.075,0.0113,-0.0,-0.0017000000000000001,-0.026000000000000002,0.011720000000000001
1997-09-30,0.0248,0.0024,-0.0,-0.009300000000000001,0.0147,0.00652
1997-10-31,-0.0,0.0233,0.0075,0.0,-0.0,0.0061600000000000005
1997-11-30,-0.0,0.012199999999999999,0.0308,0.0,0.0,0.0086
1997-12-31,-0.0,0.0374,0.0,0.0195,0.0,0.011380000000000001
1998-01-31,-0.0128,-0.0,0.0091,-0.0,0.0008,-0.00058
1998-02-28,0.0,-0.009300000000000001,-0.0037,-0.0258,-0.012,-0.010159999999999999
1998-03-31,-0.0,0.0,-0.0055000000000000005,-0.0,0.021400000000000002,0.00318
1998-04-30,0.0001,0.0103,-0.0168,-0.0036,0.0076,-0.0004799999999999997
1998-05-31,-0.0,0.0,0.0103,0.0,0.0192,0.0059
1998-06-30,-0.0,-0.0203,-0.0,-0.030299999999999997,0.0,-0.010119999999999999
1998-07-31,-0.0,-0.0183,0.0,0.0076,0.037599999999999995,0.0053799999999999985
1998-08-31,-0.0,0.035699999999999996,0.0,0.057800000000000004,0.0187,0.022439999999999998
1998-09-30,-0.0089,-0.0,-0.0,-0.0,-0.0063,-0.00304
1998-10-31,-0.0336,-0.0,0.0088,0.0,-0.053200000000000004,-0.0156
1998-11-30,0.0,-0.032400000000000005,-0.0,-0.0092,0.0113,-0.006060000000000001
1998-12-31,-0.0,-0.0425,-0.0,-0.0326,0.0,-0.01502
1999-01-31,-0.008199999999999999,-0.0,-0.027999999999999997,-0.0,0.028300000000000002,-0.0015799999999999987
1999-02-28,-0.0,0.0195,-0.0123,0.0408,-0.0007000000000000001,0.00946
1999-03-31,-0.0437,-0.026099999999999998,-0.0405,-0.010700000000000001,-0.012199999999999999,-0.026640000000000004
1999-04-30,0.0452,0.024,-0.024700000000000003,0.0084,-0.0888,-0.0071800000000000015
1999-05-31,0.0375,0.024900000000000002,0.0095,0.0318,-0.0528,0.010179999999999998
1999-06-30,0.023399999999999997,-0.0322,0.009300000000000001,-0.0291,0.04650000000000001,0.003580000000000001
1999-07-31,0.0,-0.0018,0.0029,0.0327,0.017,0.010159999999999999
1999-08-31,-0.0,-0.019299999999999998,-0.0024,0.0072,0.029300000000000003,0.0029600000000000013
1999-09-30,0.0248,-0.028999999999999998,-0.0096,-0.009899999999999999,0.064,0.008060000000000001
1999-10-31,-0.0,-0.0288,-0.0175,-0.0087,0.053899999999999997,-0.00022000000000000074
1999-11-30,0.056900000000000006,-0.0,-0.0418,-0.0,0.0548,0.013980000000000003
1999-12-31,0.051,-0.0,-0.08,-0.0,0.13119999999999998,0.020439999999999996
2000-01-31,0.0,-0.011200000000000002,-0.0,0.045599999999999995,0.018500000000000003,0.010579999999999999
2000-02-29,0.0,-0.0977,-0.0,-0.0113,0.0,-0.0218
2000-03-31,-0.0,0.085,0.0,-0.012,-0.0684,0.0009200000000000013
2000-04-30,-0.0475,0.0,0.08070000000000001,0.0,-0.0858,-0.010519999999999998
2000-05-31,-0.038599999999999995,0.0,0.0405,0.0,-0.0,0.00038000000000000116
2000-06-30,0.0,-0.0,-0.08310000000000001,-0.0,0.166,0.01658
2000-07-31,-0.0,0.0,0.0572,0.0,-0.0016,0.011120000000000001
2000-08-31,-0.0095,-0.0,-0.0,0.0,0.0,-0.0019
2000-09-30,0.0,0.0,0.027000000000000003,0.0,0.019299999999999998,0.009260000000000001
2000-10-31,-0.0,0.0,0.0955,0.0,-0.0449,0.01012
2000-11-30,-0.0034999999999999996,0.0,0.1305,0.0,-0.0,0.0254
2000-12-31,0.0326,0.0,0.0192,0.0,0.0,0.01036
2001-01-31,0.052300000000000006,-0.0,-0.052000000000000005,-0.0,-0.2535,-0.05064
2001-02-28,0.0287,0.0,0.09119999999999999,0.0901,0.0,0.041999999999999996
2001-03-31,0.0233,0.0647,0.0334,0.037200000000000004,0.0862,0.04896
2001-04-30,-0.0088,-0.0,-0.0,-0.0,-0.0796,-0.01768
2001-05-31,0.0,0.0,0.0029,0.0195,0.022099999999999998,0.0089
2001-06-30,0.0669,-0.0,0.015700000000000002,-0.0,0.006500000000000001,0.017820000000000003
2001-07-31,-0.0286,0.0495,0.0,0.028999999999999998,0.0546,0.020900000000000002
2001-08-31,0.0,0.0286,0.0,0.0653,0.055,0.02978
2001-09-30,-0.0574,0.0,0.050300000000000004,0.0,0.0,-0.001419999999999999
2001-10-31,0.053399999999999996,-0.0,-0.0298,-0.0,-0.0,0.004719999999999999
2001-11-30,-0.0036,0.0217,-0.0,-0.0168,-0.0863,-0.016999999999999998
2001-12-31,0.051100000000000007,0.0,0.0026,-0.0,0.0,0.010740000000000001
2002-01-31,0.0128,0.0342,0.0,0.0,0.0366,0.016720000000000002
2002-02-28,-0.0,0.023399999999999997,0.0,0.051,0.06849999999999999,0.028579999999999994
2002-03-31,0.0,0.0108,-0.0,0.0066,-0.0166,0.00015999999999999971
2002-04-30,0.0,0.0401,0.0,0.0535,0.0765,0.034019999999999995
2002-05-31,-0.0,0.0152,0.0,0.0253,0.031200000000000002,0.01434
2002-06-30,0.0,0.0037,0.0,0.026600000000000002,0.0622,0.0185
2002-07-31,-0.0,-0.0351,0.0384,-0.0,0.0363,0.00792
2002-08-31,-0.0,0.0301,0.0,-0.013999999999999999,0.0184,0.006900000000000001
2002-09-30,0.0,0.0126,0.0329,-0.0,0.0901,0.02712
2002-10-31,-0.0429,-0.037599999999999995,-0.0,0.0,-0.0558,-0.027259999999999996
2002-11-30,0.0294,-0.0,-0.0925,0.0,-0.16449999999999998,-0.04551999999999999
2002-12-31,0.0,0.021099999999999997,0.0632,-0.0179,0.0971,0.0327
2003-01-31,0.0070999999999999995,-0.0079,-0.0,0.0069,0.0154,0.0043
2003-02-28,-0.0087,-0.0,0.0079,-0.0,0.012,0.0022400000000000002
2003-03-31,0.0077,-0.021099999999999997,0.0,-0.008100000000000001,0.014199999999999999,-0.00146
2003-04-30,0.011399999999999999,0.012199999999999999,-0.0,0.0098,-0.0934,-0.012
2003-05-31,0.0478,0.006999999999999999,-0.0,0.030699999999999998,-0.1072,-0.004340000000000002
2003-06-30,0.0,0.0014000000000000002,0.0,-0.004,-0.0124,-0.003
2003-07-31,0.044000000000000004,-0.015300000000000001,-0.0,0.0152,-0.0028000000000000004,0.00822
2003-08-31,0.023700000000000002,0.0,-0.0229,0.0,-0.0059,-0.0010199999999999996
2003-09-30,0.0,0.0014000000000000002,0.009000000000000001,0.0040999999999999995,-0.0007000000000000001,0.00276
2003-10-31,0.0263,0.022099999999999998,-0.0,0.0165,0.039900000000000005,0.02096
2003-11-30,0.0,0.0172,0.0,0.0168,0.0137,0.009540000000000002
2003-12-31,-0.0,0.0151,0.0,0.0085,-0.0553,-0.00634
2004-01-31,0.0246,0.0242,-0.036000000000000004,0.0333,0.0256,0.01434
2004-02-29,-0.0092,0.0,0.0213,-0.0,-0.0118,5.999999999999998e-05
2004-03-31,0.021099999999999997,0.0023,0.0165,-0.0098,0.002,0.0064199999999999995
2004-04-30,-0.0206,-0.0323,0.0,-0.028300000000000002,-0.0533,-0.0269
2004-05-31,-0.004,-0.0018,-0.0,0.0001,0.0149,0.00184
2004-06-30,0.0252,0.0121,0.0,-0.0031,0.0206,0.010960000000000001
2004-07-31,-0.0292,0.0322,0.0,-0.0,-0.0223,-0.00386
2004-08-31,-0.0118,0.0,0.0121,-0.0,-0.015600000000000001,-0.0030600000000000002
2004-09-30,0.0322,-0.0007000000000000001,-0.0,-0.0172,0.0548,0.013819999999999999
2004-10-31,0.0016,-0.0,-0.0053,0.0,-0.0143,-0.0036000000000000003
2004-11-30,0.0412,0.015700000000000002,-0.0,-0.0018,0.030699999999999998,0.01716
2004-12-31,-0.0004,-0.0,-0.010700000000000001,0.0,-0.0285,-0.00792
2005-01-31,-0.0,0.020499999999999997,0.027999999999999997,-0.0141,0.031200000000000002,0.013119999999999998
2005-02-28,-0.003,0.0141,0.0,-0.0021,0.034300000000000004,0.008660000000000001
2005-03-31,-0.0,0.0,0.0044,0.0,0.0043,0.0017399999999999998
2005-04-30,-0.0,0.0005,0.0097,-0.0085,-0.006999999999999999,-0.0010599999999999997
2005-05-31,0.0276,-0.0059,-0.0,0.0028000000000000004,0.0037,0.005640000000000001
2005-06-30,0.0326,0.0,0.0087,-0.0,0.0208,0.012419999999999999
2005-07-31,0.0,-0.0,-0.011899999999999999,-0.0,0.0004,-0.0023
2005-08-31,-0.009399999999999999,0.0,-0.0196,0.0,0.0207,-0.0016599999999999996
2005-09-30,-0.0031,0.0078000000000000005,0.0026,-0.0060999999999999995,0.0346,0.00716
2005-10-31,-0.015,0.0,-0.006999999999999999,-0.0,-0.0118,-0.0067599999999999995
2005-11-30,0.0,-0.011899999999999999,-0.0079,-0.0109,0.0033,-0.00548
2005-12-31,-0.0,0.0015,0.0018,0.002,0.0079,0.00264
2006-01-31,0.0,0.009899999999999999,-0.0,-0.0034999999999999996,0.0,0.0012799999999999999
2006-02-28,-0.0,-0.0,-0.0054,0.0,-0.0181,-0.0047
2006-03-31,0.0,0.0060999999999999995,0.0,-0.0044,0.0125,0.00284
2006-04-30,-0.0079,0.0,0.0174,-0.0,0.0060999999999999995,0.0031199999999999995
2006-05-31,-0.0,0.0,0.0087,0.0,-0.036699999999999997,-0.005599999999999999
2006-06-30,-0.0,0.0085,0.0,-0.0013,0.0,0.00144
2006-07-31,-0.0,0.0,0.0163,0.0,-0.0204,-0.0008200000000000006
2006-08-31,0.0045000000000000005,-0.0195,-0.0181,0.021400000000000002,-0.0337,-0.009080000000000001
2006-09-30,-0.0139,0.0,0.0078000000000000005,0.0,-0.0098,-0.0031799999999999997
2006-10-31,0.019799999999999998,-0.0,-0.0,0.0032,-0.0027,0.004059999999999999
2006-11-30,0.0063,0.0003,0.0,-0.008,-0.0103,-0.00234
2006-12-31,-0.008100000000000001,0.0275,-0.006500000000000001,0.018799999999999997,0.0078000000000000005,0.0079
2007-01-31,0.0002,-0.0068000000000000005,0.0,0.004,0.002,-0.00012000000000000014
2007-02-28,0.013300000000000001,-0.0008,-0.0,-0.0066,-0.0131,-0.0014399999999999999
2007-03-31,0.0014000000000000002,-0.0088,0.0,-0.0067,0.0259,0.0023599999999999997
2007-04-30,-0.0208,-0.0,0.0118,0.0101,-0.0025,-0.00028
2007-05-31,0.0033,-0.0,0.0147,-0.0,-0.0034000000000000002,0.00292
2007-06-30,0.006999999999999999,-0.0105,0.0,0.0006,0.0052,0.00045999999999999963
2007-07-31,-0.0305,-0.0,0.0026,-0.0,0.029500000000000002,0.00032000000000000013
2007-08-31,-0.0033,-0.0,-0.0127,-0.005699999999999999,-0.0001,-0.00436
2007-09-30,-0.024399999999999998,-0.0217,-0.0,-0.0294,0.0443,-0.00624
2007-10-31,-0.0003,-0.0287,-0.0,0.0006,0.050300000000000004,0.00438
2007-11-30,-0.0291,-0.0,0.0175,-0.0,0.0109,-0.00013999999999999985
2007-12-31,0.0018,-0.0051,0.0,-0.010700000000000001,0.06559999999999999,0.01032
2008-01-31,-0.0063,0.04,0.0212,0.0206,-0.0774,-0.000379999999999997
2008-02-29,-0.0,-0.0072,0.010700000000000001,-0.0,0.0613,0.01296
2008-03-31,0.0059,0.0031,0.0089,0.0,0.0425,0.01208
2008-04-30,-0.0,-0.0096,0.0,-0.0,-0.0031,-0.0025399999999999997
2008-05-31,0.0304,-0.015,0.0092,0.0,0.0338,0.01168
2008-06-30,0.0,-0.025099999999999997,0.049800000000000004,-0.0,0.1272,0.03038
2008-07-31,0.0371,0.052000000000000005,-0.013600000000000001,0.009899999999999999,-0.0507,0.00694
2008-08-31,0.032799999999999996,0.0152,0.0183,0.0066,-0.045,0.005579999999999999
2008-09-30,0.0038,0.056600000000000004,0.024,0.017,0.0078000000000000005,0.021840000000000002
2008-10-31,-0.030600000000000002,-0.0189,0.0273,0.0138,0.0784,0.013999999999999999
2008-11-30,-0.0,-0.0621,0.0,0.0239,0.0726,0.00688
2008-12-31,0.0333,0.0005,0.0003,-0.0152,-0.0508,-0.0063799999999999985
2009-01-31,-0.0209,-0.0,0.0,-0.0,-0.023700000000000002,-0.00892
2009-02-28,-0.011699999999999999,-0.0,0.0101,-0.0,0.0436,0.008400000000000001
2009-03-31,0.0059,0.0348,-0.0258,-0.02,-0.11800000000000001,-0.024620000000000003
2009-04-30,0.07139999999999999,0.0538,0.0134,0.005,-0.3436,-0.04000000000000001
2009-05-31,-0.022400000000000003,0.0,-0.008100000000000001,-0.0,-0.12539999999999998,-0.031179999999999996
2009-06-30,0.0227,-0.0,-0.0141,-0.0,0.053899999999999997,0.0125
2009-07-31,0.0231,0.0489,-0.0026,0.0308,-0.056100000000000004,0.008819999999999996
2009-08-31,-0.001,0.076,-0.0285,0.033,-0.0908,-0.0022600000000000007
2009-09-30,0.027200000000000002,0.0115,0.0115,0.0,-0.0483,0.0003799999999999984
2009-10-31,-0.048499999999999995,-0.0417,0.042199999999999994,-0.0148,0.0258,-0.007400000000000001
2009-11-30,-0.0276,-0.0,0.009000000000000001,0.0,0.0039000000000000003,-0.0029399999999999995
2009-12-31,0.061399999999999996,-0.0,0.0070999999999999995,-0.0,0.0297,0.019639999999999998
2010-01-31,0.004,0.0033,-0.0108,0.0051,-0.0529,-0.010260000000000002
2010-02-28,0.0149,0.0318,-0.0029,0.014199999999999999,0.037000000000000005,0.019
2010-03-31,0.0183,0.0219,-0.0060999999999999995,0.0174,0.0356,0.017419999999999998
2010-04-30,0.0496,0.0296,0.0060999999999999995,0.0175,0.0319,0.02694
2010-05-31,0.0008,-0.0248,0.013000000000000001,-0.0024,-0.0018,-0.0030399999999999997
2010-06-30,-0.0242,-0.0473,-0.001,-0.0158,-0.0271,-0.023080000000000003
2010-07-31,0.0004,-0.005,0.0017000000000000001,0.0202,0.0179,0.007039999999999999
2010-08-31,-0.030600000000000002,-0.0173,0.006,-0.016,-0.0006,-0.0117
2010-09-30,0.0365,-0.0302,-0.0019,0.0038,0.013500000000000002,0.004339999999999999
2010-10-31,0.0073,-0.0246,0.0128,-0.0038,0.015,0.0013400000000000003
2010-11-30,0.0354,-0.009000000000000001,0.0032,0.0179,0.0271,0.01492
2010-12-31,0.0097,0.0356,-0.0342,0.0317,-0.0301,0.0025399999999999997
2011-01-31,-0.0231,0.0060999999999999995,-0.0064,0.008100000000000001,-0.003,-0.00366
2011-02-28,0.0165,0.0118,-0.0183,0.0084,0.0189,0.00746
2011-03-31,0.0,-0.0184,0.0173,-0.0007000000000000001,0.0342,0.00648
2011-04-30,-0.0,-0.024399999999999998,0.011200000000000002,-0.0086,0.0005,-0.004259999999999999
2011-05-31,-0.0,-0.018500000000000003,0.0192,-0.0143,-0.005699999999999999,-0.003860000000000001
2011-06-30,0.0,-0.002,0.0227,-0.014199999999999999,0.0182,0.004940000000000002
2011-07-31,-0.0,-0.0091,0.0268,-0.0173,0.002,0.00048000000000000023
2011-08-31,-0.0,-0.024300000000000002,0.0341,-0.0026,-0.0026,0.0009199999999999993
2011-09-30,-0.0,-0.0,0.0199,0.0,-0.0236,-0.0007399999999999997
2011-10-31,0.0325,0.0006,-0.0225,-0.0073,-0.014499999999999999,-0.002239999999999999
2011-11-30,-0.0,-0.0052,0.0194,0.0144,0.0385,0.013419999999999998
2011-12-31,-0.0,0.0154,0.0106,0.024700000000000003,0.0183,0.013800000000000002
2012-01-31,0.0202,-0.0,-0.0206,-0.0,-0.0801,-0.0161
2012-02-29,-0.0167,0.0,-0.0036,-0.0,-0.0026,-0.004579999999999999
2012-03-31,-0.0,0.011899999999999999,-0.0060999999999999995,0.006999999999999999,0.0132,0.0052
2012-04-30,-0.005,-0.0,0.013000000000000001,0.0,0.0378,0.00916
2012-05-31,-0.0,-0.0,0.0203,0.0,0.0646,0.016980000000000002
2012-06-30,0.0089,0.0,-0.0106,0.0,-0.0111,-0.00256
2012-07-31,-0.0281,-0.0,0.0104,0.0,0.03,0.0024599999999999995
2012-08-31,0.0044,0.0,-0.015,-0.0,-0.023399999999999997,-0.006799999999999999
2012-09-30,0.005699999999999999,0.0,-0.013000000000000001,0.0,-0.011399999999999999,-0.0037400000000000003
2012-10-31,-0.0083,0.0,-0.013999999999999999,0.0,0.0008,-0.0043
2012-11-30,0.004,-0.0,0.0038,0.0,0.0053,0.00262
2012-12-31,0.0192,0.0,-0.0172,0.0,-0.0294,-0.0054800000000000005
2013-01-31,0.0042,0.0,-0.020099999999999996,0.0,-0.0179,-0.0067599999999999995
2013-02-28,-0.0025,0.0021,-0.0059,0.0060999999999999995,0.0124,0.00244
2013-03-31,0.0088,-0.0,0.0027,0.0,0.0192,0.00614
2013-04-30,-0.022400000000000003,0.0,0.0039000000000000003,0.0,0.0021,-0.0032800000000000004
2013-05-31,0.0204,0.026699999999999998,-0.02,-0.0095,-0.02,-0.0004799999999999992
2013-06-30,0.0154,-0.0,-0.0028000000000000004,-0.0,0.0058,0.00368
2013-07-31,0.0175,0.0058,-0.013500000000000002,0.005699999999999999,0.0174,0.00658
2013-08-31,-0.0003,-0.0,0.0070999999999999995,-0.0,0.0005,0.00146
2013-09-30,0.0265,-0.0,-0.0054,-0.0,0.0304,0.0103
2013-10-31,-0.015,0.0,0.0275,0.0,0.0006,0.00262
2013-11-30,0.0144,0.0,0.0026,0.0,0.0038,0.0041600000000000005
2013-12-31,-0.0044,0.0,-0.0058,0.0,0.0002,-0.002
2014-01-31,0.006,-0.0199,-0.0391,-0.0154,0.0165,-0.01038
2014-02-28,0.0,-0.0034999999999999996,-0.0025,-0.0054,0.0215,0.0020199999999999997
2014-03-31,-0.0,0.049,0.0202,0.0192,-0.0327,0.011139999999999999
2014-04-30,-0.0,0.012199999999999999,0.034,0.009300000000000001,-0.038900000000000004,0.003320000000000001
2014-05-31,-0.0,-0.001,-0.0009,-0.0096,0.0088,-0.0005399999999999999
2014-06-30,0.0,-0.0070999999999999995,-0.0183,-0.0191,0.006500000000000001,-0.0076
2014-07-31,-0.0,-0.0008,0.009300000000000001,0.0051,-0.0019,0.00234
2014-08-31,0.0,-0.005699999999999999,-0.0064,-0.0069,0.0084,-0.00212
2014-09-30,-0.0366,-0.0147,0.012,-0.0059,0.0064,-0.00776
2014-10-31,0.0,-0.0163,-0.0039000000000000003,0.0021,-0.0027,-0.00416
2014-11-30,-0.023,-0.0313,0.015700000000000002,0.0014000000000000002,0.0069,-0.006059999999999999
2014-12-31,0.0,0.0212,-0.0121,0.009000000000000001,0.0105,0.00572
2015-01-31,-0.0,-0.0345,0.0158,-0.0,0.037200000000000004,0.0037000000000000006
2015-02-28,0.0,-0.0179,-0.011000000000000001,-0.0,-0.028900000000000002,-0.01156
2015-03-31,0.0,-0.0038,0.0007000000000000001,-0.0062,0.027000000000000003,0.0035400000000000006
2015-04-30,-0.0,0.018000000000000002,0.0005,-0.0,-0.0726,-0.01082
2015-05-31,0.0,-0.0111,-0.0176,-0.0,0.0576,0.005779999999999999
2015-06-30,0.0,-0.008199999999999999,0.0034999999999999996,-0.0,0.03,0.00506
2015-07-31,-0.0,-0.0416,0.0031,-0.0,0.1,0.012300000000000002
2015-08-31,0.0,0.0275,0.0066,0.0,-0.021400000000000002,0.0025399999999999993
2015-09-30,-0.0,0.0055000000000000005,0.018000000000000002,-0.0,0.0526,0.015220000000000001
2015-10-31,-0.0,-0.004699999999999999,0.0095,0.0,-0.0329,-0.00562
2015-11-30,0.0,-0.0043,-0.0265,-0.0,0.023,-0.0015600000000000002
2015-12-31,-0.0,-0.025699999999999997,0.0034000000000000002,0.0,0.0333,0.0022000000000000014
2016-01-31,-0.0,0.0208,0.0278,0.0305,0.0149,0.0188
2016-02-29,0.0087,-0.0060999999999999995,0.0331,0.0194,-0.0434,0.002339999999999999
2016-03-31,0.01,0.012199999999999999,0.0068000000000000005,0.0001,-0.0,0.00582
2016-04-30,0.0123,0.0322,-0.0285,0.0177,-0.0599,-0.005240000000000002
2016-05-31,-0.0062,-0.016200000000000003,-0.011000000000000001,-0.0254,0.014499999999999999,-0.008860000000000002
2016-06-30,0.0042,-0.0149,0.014499999999999999,0.019,0.0414,0.012839999999999999
2016-07-31,0.024700000000000003,-0.0124,0.0131,-0.0116,-0.0339,-0.004019999999999998
2016-08-31,0.0166,0.0317,-0.018500000000000003,-0.0036,-0.0346,-0.001680000000000001
2016-09-30,0.0181,-0.011899999999999999,-0.0218,0.0003,0.0022,-0.0026199999999999995
2016-10-31,-0.0,0.041100000000000005,0.009899999999999999,0.0025,0.0,0.010700000000000001
2016-11-30,0.0,0.08289999999999999,-0.0024,0.0371,-0.047,0.014119999999999997
2016-12-31,0.0044,0.0347,0.0124,-0.0032,-0.0026,0.00914
2017-01-31,-0.0,-0.0,-0.0051,-0.0106,-0.0092,-0.00498
2017-02-28,-0.023,-0.0,0.0045000000000000005,-0.018000000000000002,-0.015300000000000001,-0.010360000000000001
2017-03-31,0.0075,-0.0,0.0063,-0.0095,-0.0096,-0.0010599999999999997
2017-04-30,0.0,-0.0,0.0179,-0.016,0.005,0.0013799999999999997
2017-05-31,-0.0,-0.0,0.009899999999999999,-0.0166,0.015,0.0016599999999999996
2017-06-30,0.0,0.0,-0.0226,0.0004,-0.0011,-0.004659999999999999
2017-07-31,-0.0,-0.0,-0.0075,-0.0015,0.016399999999999998,0.0014799999999999998
2017-08-31,-0.0183,-0.0,0.002,-0.023799999999999998,0.0338,-0.00126
2017-09-30,0.0,0.0,-0.0154,0.0163,-0.0134,-0.0025000000000000005
2017-10-31,-0.0,0.0,0.0092,-0.031400000000000004,0.0421,0.003979999999999999
2017-11-30,-0.0,-0.0,0.0319,-0.001,-0.009399999999999999,0.0043
2017-12-31,-0.0,0.0,0.0073,0.0179,-0.015700000000000002,0.0018999999999999996
2018-01-31,-0.0321,-0.0,-0.0075,-0.0,0.0406,0.00020000000000000017
2018-02-28,0.0034000000000000002,-0.0,0.0053,-0.0,0.036000000000000004,0.00894
2018-03-31,0.0361,-0.0,-0.0040999999999999995,0.0,-0.012,0.004
2018-04-30,0.0089,0.0053,-0.0242,0.0124,0.0045000000000000005,0.0013800000000000004
2018-05-31,0.0471,-0.0,-0.019799999999999998,-0.0,0.0391,0.013280000000000004
2018-06-30,0.0077,-0.0,0.0083,0.0,-0.022799999999999997,-0.0013599999999999994
2018-07-31,-0.019299999999999998,0.0,0.015300000000000001,0.0,-0.0143,-0.003659999999999999
2018-08-31,0.006500000000000001,-0.0,-0.0029,-0.0,0.053099999999999994,0.01134
2018-09-30,-0.024900000000000002,-0.0,0.006500000000000001,0.0,-0.001,-0.00388
2018-10-31,-0.0438,0.0338,0.0103,0.036000000000000004,-0.0206,0.0031399999999999996
2018-11-30,-0.008100000000000001,0.0,-0.0060999999999999995,0.0,-0.014199999999999999,-0.00568
2018-12-31,-0.0281,-0.0,-0.0003,0.0,0.0175,-0.00218
2019-01-31,0.0291,-0.0039000000000000003,-0.0073,-0.0165,-0.086,-0.016919999999999998
2019-02-28,0.0172,-0.026600000000000002,0.0016,-0.0154,0.0077,-0.0031000000000000003
2019-03-31,-0.0352,-0.0414,0.0088,-0.009000000000000001,0.022400000000000003,-0.01088
2019-04-30,-0.0115,0.0213,0.0161,-0.0218,-0.0291,-0.005
2019-05-31,-0.015600000000000001,-0.0245,-0.0048,0.0176,0.0756,0.009659999999999998
2019-06-30,0.0019,-0.0064,0.0045000000000000005,-0.0055000000000000005,-0.0226,-0.00562
2019-07-31,-0.0182,0.005,-0.0013,0.0037,0.029300000000000003,0.0037000000000000006
2019-08-31,-0.0325,-0.04769999999999999,0.0053,-0.0062,0.0748,-0.0012599999999999972
2019-09-30,0.0029,0.0676,0.0182,0.0338,-0.0674,0.011019999999999999
2019-10-31,0.0025,-0.0192,0.0043,-0.0103,0.0013,-0.00428
2019-11-30,0.0039000000000000003,-0.02,-0.016399999999999998,-0.011399999999999999,-0.026099999999999998,-0.014000000000000002
2019-12-31,0.009899999999999999,0.0173,0.0005,0.011899999999999999,-0.022400000000000003,0.0034399999999999986
2020-01-31,-0.0437,-0.0,-0.011899999999999999,-0.0219,0.0602,-0.0034600000000000004
2020-02-29,0.0008,-0.0,-0.0143,-0.0253,-0.0024,-0.00824
2020-03-31,-0.0818,-0.0,-0.0161,0.011899999999999999,0.08199999999999999,-0.0008000000000000035
2020-04-30,0.025699999999999997,-0.0134,0.0276,-0.0102,-0.0558,-0.005220000000000001
2020-05-31,0.0192,-0.05,0.0096,-0.0316,0.0015,-0.010260000000000002
2020-06-30,0.0195,-0.0,0.0014000000000000002,0.0055000000000000005,-0.0087,0.0035400000000000006
2020-07-31,-0.0319,-0.0,0.0038,0.0097,0.07690000000000001,0.011700000000000002
2020-08-31,-0.0089,-0.0302,0.042699999999999995,-0.0151,0.0043,-0.0014400000000000016
2020-09-30,-0.0001,-0.0,-0.0138,-0.019299999999999998,0.0318,-0.0002799999999999983
2020-10-31,0.0467,0.0,-0.0077,-0.005699999999999999,-0.031,0.00046000000000000066
2020-11-30,0.0712,0.0,-0.0225,0.0128,-0.126,-0.0129
2020-12-31,0.0493,-0.0168,-0.0197,-0.0006,-0.0227,-0.0021
2021-01-31,0.0681,0.0322,-0.0365,0.049699999999999994,0.043,0.031299999999999994
2021-02-28,0.045,0.07200000000000001,0.0033,-0.0199,-0.0799,0.004100000000000001
2021-03-31,-0.0084,0.0735,0.0635,0.0352,-0.061,0.020560000000000002
2021-04-30,-0.0316,-0.0102,0.024300000000000002,-0.027200000000000002,0.0123,-0.006480000000000001
2021-05-31,0.0127,0.0704,0.023399999999999997,0.0301,0.005600000000000001,0.02844
2021-06-30,-0.003,-0.0786,-0.021400000000000002,-0.009300000000000001,0.0207,-0.018320000000000003
2021-07-31,-0.0455,-0.0179,0.055,-0.0059,-0.0217,-0.0072
2021-08-31,-0.0066,-0.0023,-0.0026,-0.0172,0.0263,-0.00047999999999999985
2021-09-30,0.011200000000000002,0.0512,-0.0192,0.02,0.0143,0.015500000000000003
2021-10-31,-0.027000000000000003,-0.0053,0.0171,-0.0154,0.0332,0.0005199999999999996
2021-11-30,-0.017,-0.0037,0.0719,0.017,0.0097,0.015580000000000002
