,SMB_prob,HML_prob,RMW_prob,CMA_prob,MOM_prob
1990-01-31,0.3657426368497644,0.6237552328501796,0.44469583078484637,0.6234985221244338,0.6322005542671726
1990-02-28,0.5781913246538865,0.6604602676412955,0.531975386122862,0.5837730634402735,0.632404113332438
1990-03-31,0.663022848130258,0.5164404635317323,0.5931753340447942,0.4691435641776358,0.6665955459610436
1990-04-30,0.574673501760478,0.5309215257802854,0.5937770132888875,0.5277862623565857,0.5670186989117437
1990-05-31,0.5938053611295546,0.4683712174343833,0.5753744240823895,0.4966140976349548,0.583377065198233
1990-06-30,0.5815508898933249,0.5725329322542768,0.634932105605437,0.542727654874734,0.6780158838221916
1990-07-31,0.4247534186725277,0.6508003402254354,0.483981653715616,0.6158758025309862,0.5821988754929567
1990-08-31,0.3550063767101274,0.7636722203650269,0.39303583263801245,0.6911445596329256,0.5518037746197056
1990-09-30,0.36372106879756383,0.7250285070877832,0.43980799306642016,0.7315383159963738,0.5492433666575525
1990-10-31,0.5113239306234877,0.6267027429505296,0.5099108377743103,0.5583252732392479,0.5204637239863834
1990-11-30,0.5763878627777771,0.5528007957484506,0.5868779185101143,0.48148738387154766,0.5756186722191653
1990-12-31,0.5825686528917875,0.510012522164297,0.5455508291800799,0.4180222603251175,0.4623203530251558
1991-01-31,0.6570033037898836,0.5126676976048399,0.6061606907403139,0.5055355785523917,0.6179162601413893
1991-02-28,0.6156029361416495,0.5962714889002427,0.5322374782350273,0.6073346694537712,0.6668939044648862
1991-03-31,0.5950954879349719,0.4974749787878723,0.5844449645109514,0.5205208078553514,0.6233677960437501
1991-04-30,0.49720799428182305,0.6253295471588947,0.5943923229125064,0.4951898269092016,0.5517157772211635
1991-05-31,0.6531805334712375,0.6437291632178063,0.5748829825362908,0.589446216538229,0.6448920789445337
1991-06-30,0.4623763111664621,0.6474886711159956,0.5228585693087272,0.5478731443740601,0.5978129810071694
1991-07-31,0.6543765993263314,0.4980284470862901,0.5021298734029451,0.3955230406263793,0.5438046346534625
1991-08-31,0.6594180935647265,0.6059200884012323,0.4814993746824209,0.611323619894674,0.6874560271895228
1991-09-30,0.5704655014696498,0.5668046297977779,0.5277360419890986,0.48721381572414163,0.6366328374545682
1991-10-31,0.6460935491321312,0.4493238485726243,0.5302500331780846,0.4702180104793589,0.6722492989054818
1991-11-30,0.4330402519980382,0.6556708152417621,0.5266640942359235,0.5900549635414877,0.5767181237889801
1991-12-31,0.4931071315463767,0.5156393062246905,0.5061616712528887,0.5453597441712081,0.560027927768544
1992-01-31,0.5408913605615016,0.5375549875847158,0.41178140832112764,0.6292599715937682,0.6457158229182842
1992-02-29,0.6096989115102924,0.5449734386884104,0.5348372353809849,0.6021899297609197,0.5994966566109055
1992-03-31,0.38875702054481753,0.6212384219781695,0.47002250218077773,0.5566614914012792,0.6088483628562118
1992-04-30,0.4385651902106964,0.631310257660203,0.49161112180676575,0.5619744286062274,0.5478770070223796
1992-05-31,0.538656346647472,0.5785145166886941,0.4920257486797065,0.5098296643438711,0.6899596081031737
1992-06-30,0.36460979498301443,0.6716522095788612,0.5407644288364991,0.5463746751768701,0.6332846976550717
1992-07-31,0.5501067392498411,0.5612804037443134,0.6022883503496187,0.4354945838774211,0.6638633577100005
1992-08-31,0.4985053773386334,0.5895037796124653,0.5578754639088934,0.5064748287458432,0.7157304548141777
1992-09-30,0.6190529253044667,0.5979855837698183,0.5851431529475947,0.539600423687489,0.6757983187152328
1992-10-31,0.62368956519092,0.5623172762289331,0.5090579733887397,0.5602699807718158,0.6824509105776145
1992-11-30,0.6462364178137586,0.5912556652104157,0.5008372756198053,0.5968340862114371,0.7012183079393195
1992-12-31,0.635012363830792,0.6287825965209655,0.5618780222554368,0.5883091139432038,0.596997414342346
1993-01-31,0.5597810892652848,0.6049599011217418,0.40042204202798115,0.5570418800789954,0.6554708865161257
1993-02-28,0.3318721424815579,0.6842185362140286,0.4653837113938316,0.6585390964087222,0.629961734029468
1993-03-31,0.5301059665918856,0.5585974373614648,0.5697366762311183,0.4997512698207496,0.6899739241739211
1993-04-30,0.4288065608490587,0.6646110128778225,0.5508490172196996,0.5725876414209151,0.6725742632721117
1993-05-31,0.6791219031206815,0.60163542485017,0.5599188042545203,0.5806536467142839,0.7485580640024598
1993-06-30,0.4974684993994037,0.5822355165615132,0.573226825265901,0.5395404667669103,0.6457455086721675
1993-07-31,0.5481644551855979,0.5482773032233644,0.6276090098964161,0.47455077758879155,0.62742450494498
1993-08-31,0.6425586933450259,0.5287215654161679,0.5377443794326593,0.5192124866709441,0.7572085422483231
1993-09-30,0.6208461047062013,0.5325342484559928,0.5630951542803792,0.5365454846031251,0.743546546315482
1993-10-31,0.6287302291717559,0.651578925559434,0.46747154532178237,0.5898833652100949,0.6853716685138594
1993-11-30,0.4888567140845869,0.6752556503750141,0.5522373532910851,0.6161175080301216,0.6595879058468719
1993-12-31,0.6008219392739855,0.5126732771349355,0.5560259314467383,0.49579917022640085,0.6025407140079216
1994-01-31,0.6323900470239991,0.5832510056054212,0.571689000486862,0.5514503015026785,0.7095908128118877
1994-02-28,0.6125851596310731,0.6204511148539136,0.5572448150622328,0.49946011571175747,0.7250516670891309
1994-03-31,0.4160255303724592,0.6316311445561353,0.5640823534456836,0.563284469844444,0.6728686464230065
1994-04-30,0.441369278219052,0.5959115341429777,0.568111797268855,0.4792983908910936,0.565465790795747
1994-05-31,0.5284683332896897,0.6329604602260144,0.6088977473789619,0.4976350687399326,0.6209840715391688
1994-06-30,0.42713579230591764,0.6422079136029883,0.5810016277567955,0.5268813106171327,0.7097992613147839
1994-07-31,0.5717749160345323,0.6076714376101211,0.5792695476575317,0.5067860465078641,0.7118860381443678
1994-08-31,0.6810318880683575,0.4585088190429892,0.5873324197483258,0.4026766558096317,0.7902726583998899
1994-09-30,0.5346103429216434,0.5616146991209134,0.5471528604693664,0.49162392572782027,0.7223534433387184
1994-10-31,0.48836565671254006,0.49766967659741934,0.5940154738405882,0.5052943448623918,0.6224055489177484
1994-11-30,0.4357706401146852,0.5509719135436417,0.5947009970008938,0.4380602757758495,0.6944529671742837
1994-12-31,0.4439902302248082,0.6503248510477413,0.4823938817291859,0.5934429434011423,0.5706230994564339
1995-01-31,0.5080129662754241,0.5680841840033511,0.5308447085375746,0.5406675427357888,0.5889070662780292
1995-02-28,0.4326608847264385,0.5824896950791832,0.5220268205128612,0.5298143006222694,0.7387676233845633
1995-03-31,0.6367710740737585,0.5069954341590291,0.5592507130084862,0.49792860798471567,0.6753305215319549
1995-04-30,0.599431516269975,0.6063176899984901,0.5848812357693896,0.5175442073462259,0.7031499433191075
1995-05-31,0.4865875818494126,0.6194416038858854,0.5471285059877827,0.4945410972410495,0.6618360403476401
1995-06-30,0.6827787001263778,0.44667737627008214,0.5564235681161253,0.45139568624352616,0.704701526729682
1995-07-31,0.7353450776236141,0.41766114864619663,0.5369214724168146,0.44641028608685557,0.7380583276231492
1995-08-31,0.6003628431782024,0.6013431414393362,0.5066913015063117,0.5822707140566504,0.6056019497814621
1995-09-30,0.37653876633180183,0.47671120856967886,0.5179401230542088,0.4619768360736547,0.6661926712886886
1995-10-31,0.37227489334266783,0.6337511624707721,0.5164707474531257,0.5519353290630034,0.596724242415023
1995-11-30,0.5877847906252955,0.5217669331961318,0.5831295038575716,0.5117026061308828,0.6307175719275034
1995-12-31,0.4693798568980965,0.6247811753103093,0.5098030749379908,0.5468228484027446,0.6152290372512234
1996-01-31,0.5281106653511828,0.6620843630982667,0.4631632887812614,0.5949076275710206,0.7197211708981469
1996-02-29,0.5985502984404679,0.4820395425021939,0.6490511206010334,0.5500488256896753,0.7445975736005545
1996-03-31,0.5866007860502866,0.5084881222861567,0.6014145585498827,0.4844441673316222,0.7260789899386692
1996-04-30,0.6999773543107639,0.49668469799839154,0.5875287922493428,0.5510617519252128,0.7024627721335148
1996-05-31,0.5726010263019744,0.5206351210486736,0.4835306475702026,0.5497903952188062,0.6522086395849755
1996-06-30,0.42879154180730356,0.6634258174887254,0.4905951485988866,0.6668498843086968,0.6260556914851483
1996-07-31,0.4411396039173477,0.6519842172975505,0.4846301075149107,0.5997575676982894,0.6101704540819946
1996-08-31,0.7145576652680147,0.5110614480784712,0.5941075688775483,0.5576245601615799,0.731028338572917
1996-09-30,0.6327011093268444,0.4844259049071969,0.6055631564362438,0.44006104144742064,0.7230586350668949
1996-10-31,0.46144575126707976,0.6399469296898525,0.4342879567227078,0.5960415913825614,0.6211480488584715
1996-11-30,0.6077201608559923,0.6130968540244707,0.5268877852975797,0.5127021329808358,0.5826532072469084
1996-12-31,0.537405011666319,0.5519833177623701,0.528439447566923,0.45764650440410404,0.6593428626341875
1997-01-31,0.6308882968039585,0.4679884735226916,0.5647481539569259,0.48840440465003576,0.6584628825703703
1997-02-28,0.38431395601277474,0.7235318495089877,0.5915152670146964,0.6861725574458274,0.599773227524378
1997-03-31,0.3384872706608135,0.6732025333615059,0.5141289580716342,0.6364512363824921,0.6419151729426833
1997-04-30,0.4216996194050852,0.6454636616753905,0.5775797436755373,0.5408189208169508,0.5571829470683269
1997-05-31,0.6640506747940135,0.43082980367638946,0.6218362973441741,0.5174728549351237,0.6694880864769713
1997-06-30,0.4280512190733229,0.6200582076351909,0.5631531991510283,0.5794397193536899,0.7168007548334602
1997-07-31,0.598462834344312,0.4872907560428791,0.6152197008694461,0.526449434198415,0.710593420105829
1997-08-31,0.6852931954964073,0.48018370998895593,0.5453068004428949,0.5603231331965707,0.6687240151432068
1997-09-30,0.5775948388611964,0.5078341406451524,0.48019556609761777,0.5046643051091153,0.7238093632740554
1997-10-31,0.38748133226553144,0.5685482893093343,0.5752668753160765,0.5316640081089918,0.610813034597782
1997-11-30,0.4124642286522777,0.6555840995972692,0.4730380036666452,0.6333378917212825,0.5432337345314238
1997-12-31,0.38310514888973596,0.6296687517292187,0.4844769761621419,0.5012589135754816,0.5026176261016675
1998-01-31,0.5322346851193517,0.6145795948184696,0.6149520089074328,0.5863115517270971,0.6682677835910846
1998-02-28,0.6714948375759259,0.5111007565352312,0.559746406760827,0.5481858733664189,0.7187855960016959
1998-03-31,0.5064867589289057,0.6262588261811901,0.6221780777527447,0.6014262589881294,0.7443205832080159
1998-04-30,0.5996070755291152,0.5793611964737658,0.6465656763591284,0.5730115637291392,0.7075981986605787
1998-05-31,0.27593166970543026,0.6628540030012732,0.5638165263565049,0.6205135544616273,0.6603011323486146
1998-06-30,0.3810847363955761,0.5974415778631201,0.5519394397814699,0.5214354137996621,0.5633625120656737
1998-07-31,0.34555875649976453,0.6611420186608153,0.595252106522671,0.5931094350885595,0.5902645377954656
1998-08-31,0.3911041538118589,0.6954254354539887,0.44311512562443933,0.7013788454406068,0.5761518746185397
1998-09-30,0.6310015346741789,0.46634965834031816,0.5077252574834948,0.5113804005074922,0.590603305386569
1998-10-31,0.6227973583543239,0.5729308151702232,0.5224291218693459,0.5854445010046693,0.590116131908681
1998-11-30,0.6109179322585475,0.5310842326656302,0.5155481237862377,0.5637723731411575,0.6438398215714751
1998-12-31,0.597295727359422,0.49675557163235307,0.5017177493164571,0.5460523749571887,0.5604206049625778
1999-01-31,0.6581438012130014,0.48194206079609425,0.5826644577477297,0.5004241435145371,0.6303333358792863
1999-02-28,0.30326920742755925,0.653907548518321,0.5240560577129069,0.6318869206602459,0.674205263277907
1999-03-31,0.6198012949582228,0.5664824847390469,0.5324733262593266,0.5679668361709097,0.6544646898013835
1999-04-30,0.6369773239270379,0.6181900025260902,0.5668367382150596,0.6244190525305094,0.6231854066208166
1999-05-31,0.5974800538091181,0.6224760843529172,0.5483705964538819,0.542499352129443,0.6936303947271799
1999-06-30,0.6059745924187636,0.4328034506461799,0.6516318448235372,0.4364420640108667,0.6727623375072267
1999-07-31,0.4006466180805427,0.6409818615396294,0.6048331209231521,0.6350222288925199,0.5170168502690594
1999-08-31,0.3354725899598058,0.5515518262425593,0.5639049874183439,0.5781214899683055,0.7173616040646367
1999-09-30,0.516337939795311,0.4615848341566845,0.5691546877650671,0.47618652787304727,0.6521488419041064
1999-10-31,0.5062257789982851,0.5698825840432963,0.46837971527659367,0.6144283788564378,0.6125452661362433
1999-11-30,0.6573286434831018,0.45358384540098395,0.5619914516919196,0.5498095418514525,0.5760695342803722
1999-12-31,0.6418931686128426,0.489717795460505,0.5286751961700386,0.5602884489342763,0.5660840490151401
2000-01-31,0.48991895567289556,0.594509712195512,0.5494661393476438,0.5365245956340982,0.5481472204642699
2000-02-29,0.5666593030701721,0.5354695128963599,0.5355042216158103,0.5814477953178534,0.5604209441573269
2000-03-31,0.5176765237846866,0.5899303451158032,0.5627153794150027,0.5603301820264979,0.5623042237263515
2000-04-30,0.4619209078981914,0.5330150364960866,0.5243339339171458,0.5566775813993207,0.5279480754990529
2000-05-31,0.46823915729534793,0.5023390370652896,0.5587852223118701,0.4783338830808422,0.5316004132343749
2000-06-30,0.5563744192294557,0.5341309948551204,0.5479695941265461,0.5740340210802388,0.553646472361074
2000-07-31,0.4524999240378327,0.6259108885634047,0.562897998918879,0.5710776620462114,0.6091923793102388
2000-08-31,0.6348671732204476,0.47541742071818843,0.5671175724186859,0.4674896608196964,0.6164581834864007
2000-09-30,0.37550220501186266,0.6409268377435147,0.5576088944010675,0.5439957811212309,0.5829985916692721
2000-10-31,0.4772481297552168,0.6375813711556867,0.5106401632477445,0.5253175380607009,0.5725841830913999
2000-11-30,0.4436047627315646,0.5522151010820313,0.5439740328991017,0.49232907079061156,0.5005280615757461
2000-12-31,0.47514144491631854,0.5307077876663817,0.5163950886647611,0.534221576500418,0.4840417029645086
2001-01-31,0.6170008961361558,0.45776869026270545,0.5549642834979519,0.5109817197320284,0.6356249798503758
2001-02-28,0.4023627407312957,0.5624862256026864,0.5122698879343172,0.5440244007406742,0.5142899874632259
2001-03-31,0.3827187560605292,0.4689436578710931,0.5556012566412054,0.5057966863568915,0.5659345139653754
2001-04-30,0.5521628228536375,0.40952539725980774,0.4894209658864624,0.527884106263476,0.6417361208537901
2001-05-31,0.5472118146914745,0.5759141602443607,0.5355092256884135,0.5167096128302856,0.6083600353713959
2001-06-30,0.5735069124397248,0.5547341912995595,0.5870426454996611,0.49604448781840216,0.6453151985926368
2001-07-31,0.4171707058206351,0.5561163505513708,0.5236015270853824,0.5808507474389634,0.5532807215579508
2001-08-31,0.375838744294772,0.5567686656207101,0.5146009196837193,0.5755410345791095,0.5313874334027647
2001-09-30,0.3481939188326112,0.5780243115025163,0.45780082231520336,0.5800913481827316,0.5303471137145809
2001-10-31,0.5716026021017203,0.4397170634382337,0.5891792060426997,0.49952209253991076,0.5788988583164664
2001-11-30,0.6090656485998877,0.43386921795149025,0.5538654657423673,0.49387141775343074,0.59056024328272
2001-12-31,0.6781867743672577,0.5411913962798127,0.5603592789790671,0.4876397294311407,0.6377003126694654
2002-01-31,0.44182961701245477,0.6077954866482231,0.457637053279716,0.590522396591682,0.5716155461893498
2002-02-28,0.33706782525586276,0.5424361934951949,0.47866917259026664,0.5249448267743974,0.5387893550752693
2002-03-31,0.694832311661649,0.5154797144900669,0.5794621129842722,0.5307771864156905,0.6514379212324078
2002-04-30,0.3356530556971053,0.5485845714757239,0.46280628164983667,0.5196552734588418,0.5589411078136053
2002-05-31,0.2774926586886096,0.5466863046312941,0.49668551264625493,0.5607307241522703,0.6036193812240044
2002-06-30,0.3492408504251075,0.5449293148109511,0.48772923687523734,0.5558202470600465,0.5698473145929281
2002-07-31,0.3142153084379302,0.5180237183432904,0.4847889333743628,0.5087228577309247,0.608012009872714
2002-08-31,0.5468762420477062,0.5571030350857645,0.5580210366951129,0.4943138333408113,0.7261398856723207
2002-09-30,0.3022219195565024,0.4855344762475728,0.508649455831008,0.47779043150588935,0.6244557026246171
2002-10-31,0.6096812131233933,0.4093326445990906,0.4934482303028476,0.5160468890510292,0.6150649212590966
2002-11-30,0.625104819988729,0.4776766520755064,0.4163973890883734,0.5977420744342455,0.59951259005855
2002-12-31,0.3209704482281179,0.4581780881067306,0.5088534740590581,0.466050654621045,0.5642117770019748
2003-01-31,0.45148171726395653,0.5877179943011582,0.510521143504002,0.5633047733900384,0.6288351080030283
2003-02-28,0.34382211163861615,0.49932513088343156,0.5697641186089616,0.4659410223901079,0.7348206232784777
2003-03-31,0.5263529021819912,0.4888478431466183,0.5716586295572954,0.5236711175866138,0.7048818374967499
2003-04-30,0.6642999259219377,0.47744469204161377,0.5415843914729512,0.582268975349859,0.637132457261885
2003-05-31,0.6417631978326814,0.5095403162499551,0.5579810005242062,0.5639044558561596,0.5560276312825699
2003-06-30,0.5221891661088963,0.6066099827781812,0.4855116707727829,0.5555616186152357,0.6762788371864813
2003-07-31,0.5710955053630749,0.5786184674291828,0.4616942789055513,0.6019926164764847,0.6675510430213628
2003-08-31,0.6409285159331346,0.5198118736303023,0.6196534470609674,0.5195009652671121,0.6995968391427208
2003-09-30,0.42072635771972267,0.5978135215292708,0.45906456003324453,0.5390699225389834,0.5964152551835682
2003-10-31,0.5857768563986934,0.5214094477711824,0.4621431310625696,0.5631489566380611,0.6461844938359231
2003-11-30,0.5388687196288279,0.562388892136329,0.5574388987279111,0.5290964525352458,0.7008911839124006
2003-12-31,0.4378386673206035,0.5696187279860377,0.5767518775607661,0.4747058888404326,0.669384593530889
2004-01-31,0.5607546286843441,0.585845247131043,0.46118630461097354,0.5819689250051918,0.6527634695906127
2004-02-29,0.46756825779002065,0.5889101352350946,0.6392057563305962,0.5472223294793412,0.7211801594920658
2004-03-31,0.4227980677944438,0.5591560400361173,0.5871937759579647,0.47493969511618717,0.7087908101675865
2004-04-30,0.41035421479411177,0.6103829997564445,0.6102484082516642,0.5977635056937805,0.6412496108649253
2004-05-31,0.6259329488169286,0.5780714635563238,0.5238477420538419,0.5376482854202033,0.661150295592487
2004-06-30,0.44453786039625576,0.5890464986607691,0.576504884584119,0.5673759540987566,0.7096159484593464
2004-07-31,0.39881976305797023,0.5666307790581943,0.5615311780183345,0.574718572258837,0.612150021588353
2004-08-31,0.3845488439252396,0.5440265463018474,0.5378286373553175,0.4401896407531207,0.6720744240636677
2004-09-30,0.6189134982038681,0.5590837392369611,0.49835246102256237,0.5386374214711096,0.7268385287929758
2004-10-31,0.5676082026306414,0.5497583697837399,0.6111241710251017,0.5087362702196819,0.7605028126620978
2004-11-30,0.6347627885040792,0.5753277763276949,0.5672734853800147,0.5350447896658662,0.7418722896905813
2004-12-31,0.6260512944236758,0.5438397877115928,0.5790513713316077,0.5304263489567054,0.6914005737660962
2005-01-31,0.33320198451825567,0.5262604513974563,0.6409430661743509,0.48609828203161487,0.6943108813576448
2005-02-28,0.4077718530807497,0.547550933908543,0.5776037366832668,0.548992457418644,0.6727807546586224
2005-03-31,0.4046183814140246,0.6499169254402922,0.6216596146199329,0.525407494710212,0.6696953528758944
2005-04-30,0.36815227361943803,0.5656954187503174,0.5695007966635381,0.523042656306704,0.6507846262641556
2005-05-31,0.7106481849139736,0.5124864226088253,0.5879039313109358,0.5482322872105228,0.6841343565355438
2005-06-30,0.6006928742575283,0.5727128272641213,0.5917267539696338,0.551476476620744,0.7247682649088991
2005-07-31,0.6693628461707118,0.5871301152206936,0.5670657672763008,0.5138521270032703,0.7333925827833551
2005-08-31,0.41037471257663927,0.6018744839318615,0.64597362004175,0.5306811586650466,0.7163029033312158
2005-09-30,0.4337387012543568,0.491249215405444,0.566071455588366,0.4716281248719924,0.7108673166477987
2005-10-31,0.4660058258707291,0.5579057836363643,0.6205329337994636,0.5064634902950471,0.7470175636539891
2005-11-30,0.6684382517025871,0.5310858811888863,0.5671532451613978,0.5761275787024599,0.6712485960307024
2005-12-31,0.4937187110669476,0.5776849611599929,0.6062175240458342,0.5178472254905742,0.7011543743859919
2006-01-31,0.7021103618905162,0.5752567278932992,0.5238630415216068,0.552664606319845,0.7183819496103085
2006-02-28,0.46315859710507984,0.6475018990844109,0.5628399215863912,0.6096761403402379,0.6612920141848345
2006-03-31,0.6744694554606754,0.5589975404486257,0.6244893103039086,0.5181681604319106,0.6838575612800428
2006-04-30,0.49909881567148134,0.6040011374273913,0.5144048739030399,0.5587596848919105,0.7071583486011931
2006-05-31,0.3562869444786475,0.6324963233815548,0.5868066111531994,0.5723877395095247,0.6723574116384642
2006-06-30,0.45449872432872784,0.5768303456846066,0.6116314529982299,0.5925861325095318,0.6825116042180985
2006-07-31,0.3634208357778569,0.5858243365331414,0.5775999576001599,0.5571748276268494,0.6668775615696606
2006-08-31,0.5822502892687642,0.5973163399742375,0.6373609951674031,0.5800082146125539,0.7242385335143567
2006-09-30,0.4943809768858935,0.5843213134703339,0.6342660369373508,0.5234376913995858,0.7142119460064748
2006-10-31,0.6963363730052163,0.5546592758435304,0.6303808942218017,0.5260750744621068,0.7076952529627225
2006-11-30,0.6715408822638874,0.585288998248325,0.5474595199410323,0.5917213845595165,0.7038882896202886
2006-12-31,0.4635177202038654,0.6407746942568758,0.6281800946657565,0.56251850483053,0.7428065916484976
2007-01-31,0.5566308514292767,0.5882309672423767,0.5798114820112237,0.5251793133999832,0.7083696046169665
2007-02-28,0.5025075851277836,0.6118903685262157,0.620723868024249,0.5504129076112664,0.6758225869964573
2007-03-31,0.40157128799326225,0.5553938767095689,0.5854711119244522,0.5317742988554622,0.6955430091130701
2007-04-30,0.5467059608974628,0.5384036766666134,0.6081688170930588,0.5169755332615431,0.6941644669684326
2007-05-31,0.6967199333760785,0.48528864825042056,0.5975328461514395,0.46848211432443165,0.7149689145244892
2007-06-30,0.5347154000406167,0.6329782556987303,0.608957896218723,0.5902404153827171,0.732442676908126
2007-07-31,0.40441370714296965,0.5078265366419009,0.6067520913531765,0.5140264144043987,0.683203219638111
2007-08-31,0.4973337737653168,0.4589377536031153,0.5518398371995947,0.4808313801212813,0.6221440917820042
2007-09-30,0.7071631945732405,0.4837605285713422,0.5315401224467025,0.4635256339070878,0.662791652733548
2007-10-31,0.559029410778255,0.5059267627189542,0.5108678816777094,0.5205127797549852,0.6638961516213873
2007-11-30,0.3951699463824223,0.4512934252383828,0.5723879542829552,0.4452828623028255,0.6095067021760648
2007-12-31,0.5443163051470578,0.5280516058859777,0.5112813725784078,0.484648002696666,0.6829163711835362
2008-01-31,0.5154646170082232,0.563817336398336,0.6546590531322198,0.5581962573966587,0.5863361941781624
2008-02-29,0.5216081985659243,0.488849116208434,0.5613666057987529,0.5057618796690149,0.6557666868415905
2008-03-31,0.47249057113972187,0.5312148869170514,0.611127074794171,0.505557238719207,0.6438541608216234
2008-04-30,0.6210817505485698,0.5258905959389054,0.5684175668775023,0.5016433874121123,0.6615768390144987
2008-05-31,0.5752289471817409,0.47127172102526776,0.5925335562197479,0.4446950949455558,0.6227702309566198
2008-06-30,0.42520163743064027,0.5164316581802711,0.4939282789214156,0.4963406430146559,0.6117468251382949
2008-07-31,0.5594447758677583,0.6676818366050037,0.5893574110923004,0.583365386243593,0.58669806565846
2008-08-31,0.6606194628875334,0.6110994274355613,0.7125256096860081,0.4801196392978757,0.6348265452838441
2008-09-30,0.5249675078435795,0.5492827304141094,0.5854947052675556,0.4873357050554117,0.531634062043857
2008-10-31,0.5065623750655333,0.47829114849694887,0.5082572414540258,0.5089355237504294,0.512568337300793
2008-11-30,0.495166444474228,0.473689312034524,0.5420944384189657,0.4673225443007218,0.5055709520819714
2008-12-31,0.61785572501001,0.5404027996919036,0.5607792115375291,0.5075697365762605,0.5770782401757233
2009-01-31,0.5202218364181344,0.5188110566286741,0.5025032033940288,0.44274185362411916,0.4862780912922064
2009-02-28,0.502612467463975,0.493957205989475,0.5410960164171527,0.4817863981137548,0.5309571129165881
2009-03-31,0.6118968592008028,0.5550151078865636,0.6346347115444736,0.48165879556465807,0.5125635403361719
2009-04-30,0.596158196428011,0.5454903221052868,0.6264644171502101,0.4856592261313855,0.5176774773759939
2009-05-31,0.6933759731998397,0.5439962699391675,0.5861946225036844,0.468162521683396,0.556810858131441
2009-06-30,0.5510637657298563,0.5197119053400695,0.587957624038773,0.5089357447697103,0.5979896037510705
2009-07-31,0.6423797390715271,0.5872596332980756,0.5661042683973857,0.5311021149249668,0.5436645647942716
2009-08-31,0.5847170227165102,0.5685949684718692,0.5632769663784913,0.5387126935792641,0.5224298545937052
2009-09-30,0.6438983420441314,0.5056430960597799,0.534427379555724,0.5437355315525493,0.5967664270974727
2009-10-31,0.47382543637357444,0.46845172074750413,0.597187651123271,0.47472333546042433,0.6119688554918328
2009-11-30,0.6609322870799457,0.5278625179564408,0.5668054807897015,0.4723499557729007,0.6359568739478014
2009-12-31,0.7283786070987598,0.5690065140217474,0.524542203334619,0.5282796936335702,0.5970142755714206
2010-01-31,0.47920028431018385,0.5811958318895654,0.574220292145882,0.5853174450659216,0.5690169331474892
2010-02-28,0.6663943630133806,0.5299595724244912,0.5876999252827866,0.5004272737671235,0.6302399062178357
2010-03-31,0.6999619204514681,0.618469299436778,0.6276707888087487,0.5322798692467304,0.5935693403311239
2010-04-30,0.6088835105455905,0.5758089781531469,0.5387401434593025,0.5643740061784694,0.5534012612199953
2010-05-31,0.422136023263152,0.4982807129746588,0.5676640997560506,0.4829989860036708,0.6359765019625871
2010-06-30,0.46357794442382216,0.41024250889475794,0.5071008424004108,0.46056385469210775,0.6305730184784636
2010-07-31,0.646992258042505,0.6257936195719582,0.6095470768867065,0.563198471367259,0.5998701642114189
2010-08-31,0.45552783352433807,0.5391257466937808,0.5297566991558514,0.511639819405417,0.6019504750437684
2010-09-30,0.7329079619870886,0.548596718643888,0.5498350490136571,0.5353767675297343,0.5752355072923564
2010-10-31,0.6293261870089455,0.5272547903234309,0.6186536236212873,0.510855043931606,0.6643480550381957
2010-11-30,0.6027040629037168,0.590125990240466,0.6045319692207322,0.5222737108760412,0.6551425248592782
2010-12-31,0.7082665467632245,0.6191745602377776,0.5575594741496835,0.5709796752119638,0.5910604282935181
2011-01-31,0.5897879432075035,0.5743498602575013,0.6050248166486984,0.5166501988647855,0.5458342527064722
2011-02-28,0.6159700479545894,0.5996134461756646,0.5577359469183167,0.49956303662674556,0.6668939632886237
2011-03-31,0.5037611274065077,0.5320443884075173,0.5989581375137724,0.4911613254535657,0.6448102097582302
2011-04-30,0.5301776662817763,0.5360080716034841,0.5752540578383365,0.5255074759970734,0.6257092188969163
2011-05-31,0.45791461300551184,0.583103314459845,0.6194699688658328,0.48507680360820216,0.6930528527388199
2011-06-30,0.41681338012034574,0.499057590787096,0.6023014320061736,0.4869994712712708,0.650496282653113
2011-07-31,0.4098304791675823,0.5161454596648876,0.6365064557181603,0.4816100594847699,0.6362395986290419
2011-08-31,0.3991852344832016,0.5196854520757378,0.5759162318907967,0.5335071765711976,0.6338178808498903
2011-09-30,0.37818857115352617,0.49769539977712,0.5994719474275815,0.48749815796859525,0.555324957187934
2011-10-31,0.6628375399584522,0.5101584002462743,0.5190037049208026,0.587846949042388,0.5805201679595361
2011-11-30,0.4025137936619915,0.48238563264700773,0.6279860855115784,0.44077622859787774,0.6543186356543853
2011-12-31,0.41151093786163156,0.6189376688408782,0.6184806660545591,0.5438942110964576,0.6708448748920365
2012-01-31,0.7110446114942565,0.5525381791850725,0.6057100335854565,0.5194442175422407,0.6084515353116807
2012-02-29,0.6696247965277506,0.5966948384390046,0.5360665404799507,0.5318953172370293,0.639202366343712
2012-03-31,0.4159402348943731,0.6440491395547204,0.5422280572854661,0.584214390439343,0.5823119953532461
2012-04-30,0.363566621364487,0.5451606358895483,0.5937458360360188,0.5095493515091732,0.6838048369409252
2012-05-31,0.3309012313039664,0.576303781704916,0.6016273777344645,0.5197742872855488,0.6104414639624117
2012-06-30,0.6176899298854827,0.5833009954271765,0.6077462204423597,0.5157766196015175,0.6863552218529405
2012-07-31,0.4489857136098899,0.5140454345258645,0.6380038693719148,0.464358274603854,0.6774347272931456
2012-08-31,0.6908173793911794,0.5849036632592011,0.578627571027535,0.5228093558706505,0.7024742000858648
2012-09-30,0.6555847157037381,0.6232090140977559,0.5950432022262584,0.5880558638176158,0.6285251406218253
2012-10-31,0.4385202448065653,0.5685852646440911,0.6569755898266872,0.4849946382192049,0.6787792912481683
2012-11-30,0.5645318768974639,0.5360170248561442,0.671479059544353,0.46049969126714463,0.6923246358288596
2012-12-31,0.7250165212118499,0.5949090740455146,0.626833372556895,0.5217304556501913,0.639344533819444
2013-01-31,0.6850826682859218,0.6521313022876228,0.5533638718572991,0.5590232927253479,0.5902684011305463
2013-02-28,0.3962563684486593,0.6485016146346589,0.6132065072374201,0.5243846267089314,0.6586707185746505
2013-03-31,0.6449353480909152,0.6072716413276588,0.5648096889490672,0.5615361019279974,0.6394970262252412
2013-04-30,0.46393101650573104,0.5487388551764945,0.6400898806261269,0.46686648701892325,0.6373465478940064
2013-05-31,0.7176822409100251,0.6222420968632675,0.6277703149083982,0.5457075603516772,0.6420965995928138
2013-06-30,0.4186366810956176,0.626550321972939,0.55017725539842,0.5411060375567808,0.6225885078810969
2013-07-31,0.6862100367530191,0.6089718625166227,0.5833068573865515,0.5857443914608405,0.6130952738810413
2013-08-31,0.5963682372507194,0.5515037734855108,0.6481258714089366,0.548024329064339,0.6994705789091527
2013-09-30,0.6658150572162019,0.5323712330660085,0.5721689677884444,0.5136542384221606,0.6354096653860074
2013-10-31,0.4892758075485635,0.6081629708948644,0.665381147455724,0.5412731552506789,0.6069701742282702
2013-11-30,0.599870647047731,0.5427822127769854,0.5690279822193186,0.5317278189260585,0.6835527986884438
2013-12-31,0.673563244290721,0.587373248235805,0.5514384632319946,0.5229168818138715,0.6464225412583613
2014-01-31,0.5371507977878136,0.5828771307497168,0.5311321279195999,0.546475675117081,0.6242673417521034
2014-02-28,0.7077836820435055,0.49834020391543926,0.5950549603961388,0.5049642700344087,0.7087873359828236
2014-03-31,0.39883719830914904,0.5572378473364428,0.681880171963882,0.44646065848158323,0.6415591940580995
2014-04-30,0.4233893628171385,0.5056656829905634,0.6473415860762757,0.5174900144271318,0.5843597023757263
2014-05-31,0.4697852124156229,0.519900710541328,0.49328140099588835,0.48519034274500306,0.6832614424709725
2014-06-30,0.7155831554146244,0.4833125469220802,0.58533314770761,0.5005066571362079,0.7105437340079003
2014-07-31,0.428238007780351,0.5596384968242522,0.621585266595163,0.4752888703526986,0.6506643893631123
2014-08-31,0.648475187341358,0.4606771334541824,0.5897470070580579,0.4966363746482883,0.7034158213402287
2014-09-30,0.4018551490578691,0.4083596641611995,0.6442097601666685,0.4195314860929291,0.6446336147987113
2014-10-31,0.40847220769167014,0.42771761045826845,0.5923975099942078,0.5229924368003922,0.6164447150036243
2014-11-30,0.4009111773858797,0.46991319804397685,0.5778712061927643,0.5147605168538472,0.598243065253288
2014-12-31,0.4802509559164864,0.49467355400248697,0.5883123773939548,0.5112031885939919,0.6773484688417836
2015-01-31,0.4497167520067246,0.4533279362489738,0.5956820019150612,0.4142280880105186,0.6259286298863401
2015-02-28,0.6887763418248501,0.5091955384624353,0.6260723006501303,0.5213693969390477,0.6640068663458816
2015-03-31,0.4698127728606148,0.5000825164963477,0.5155094429863761,0.5010510988794779,0.6241148918946116
2015-04-30,0.6220118591959991,0.5843059873452103,0.6016235895841897,0.5953335028577775,0.6217799501575553
2015-05-31,0.5065340236531434,0.42323603114963726,0.555468288490939,0.5201978077075076,0.6566712617856172
2015-06-30,0.44680893881491673,0.463464382726493,0.5807178385477499,0.5394414279416112,0.6341853933332845
2015-07-31,0.4520433458211144,0.42681817254457166,0.5472698384626606,0.4780804027888279,0.5734720933855485
2015-08-31,0.4991895720694369,0.5732433279158262,0.6128574043804664,0.5177866994951388,0.6283793409093547
2015-09-30,0.38047809471611344,0.48521048093515495,0.6120968925580982,0.5345462657300388,0.5697761346141617
2015-10-31,0.6279562048974513,0.5640024546727674,0.613953143869197,0.5625600972365741,0.5765115528379493
2015-11-30,0.5347944013683131,0.4598882066320143,0.5242256373363593,0.5463607690074513,0.6820610909344291
2015-12-31,0.4181798990806376,0.4655737939022996,0.5626022265089763,0.5173805367545591,0.6208517016994098
2016-01-31,0.39474768744294947,0.5627611012829407,0.5512427597916978,0.5648896669076168,0.538046687604406
2016-02-29,0.47652315326137207,0.5506650228142754,0.5691762611428249,0.5367480823705357,0.5754926127585559
2016-03-31,0.6991318019962909,0.5756159277384688,0.6397955083690748,0.5622032843930909,0.5733084244938275
2016-04-30,0.5606130023794905,0.59788375733651,0.5291121129884718,0.5746072795564321,0.5574823185555127
2016-05-31,0.5167174023942296,0.4331179534465305,0.5672795386430095,0.460722936655052,0.6569750942257837
2016-06-30,0.4549130749232426,0.48647959259740037,0.5657662652971407,0.49927570407558663,0.6611049402751242
2016-07-31,0.6802741639769895,0.613820381096689,0.5475124371696548,0.5702865757244934,0.6793133113543784
2016-08-31,0.6276991382387419,0.5818683236291387,0.5904163003554073,0.5313147542980959,0.6721173223756807
2016-09-30,0.6660053292084942,0.5683290950571972,0.5644704847729047,0.5200349868577838,0.7012607728644971
2016-10-31,0.3628727201925704,0.5597270166780952,0.6091465677184437,0.6173223415253547,0.5970167167237708
2016-11-30,0.5978366622479173,0.6365763147530902,0.541603293671395,0.6138391453344882,0.5997539235307988
2016-12-31,0.41879364501286265,0.5260997372367492,0.6373737542767121,0.4892428644631305,0.601718187883855
2017-01-31,0.5437929590596844,0.575423387073796,0.5440373319033112,0.5611851409008933,0.6655587160707319
2017-02-28,0.48668233499159275,0.4283009038955998,0.5197423152989474,0.5019459468705546,0.6630397304559107
2017-03-31,0.4881426220908708,0.3845063442487726,0.5874043250618762,0.4418875976547626,0.652482651243288
2017-04-30,0.4482343729879631,0.43327764911443384,0.6015098036533972,0.49877374299783184,0.6029113982255073
2017-05-31,0.37984298515442466,0.4411537062715618,0.5782434817372291,0.510469529763713,0.6699246967148913
2017-06-30,0.6082207000456559,0.5030912476755641,0.6174295221704976,0.48944699186293184,0.6772973283034424
2017-07-31,0.5356539498380991,0.47125357119660943,0.5175997769234641,0.5083202047562463,0.6820487416801486
2017-08-31,0.5257783071689002,0.3556945678314369,0.5696191668756676,0.4603685431000869,0.710878940216454
2017-09-30,0.6073053092033346,0.5903880222537526,0.5426185892343978,0.5440787406686283,0.6610365790599809
2017-10-31,0.45689048856254477,0.4408296895356305,0.5508002032224467,0.49098117169869193,0.6740495495343368
2017-11-30,0.5547302952587801,0.6131435845560596,0.6434574103740771,0.5287372545975149,0.6245830060813164
2017-12-31,0.5548102920215123,0.5942045588380022,0.5861508817465485,0.5760284227145337,0.6437105082342552
2018-01-31,0.5833683280384476,0.519780130577989,0.5873774645892925,0.5474127330279414,0.6644505341913463
2018-02-28,0.5056768851591621,0.46069730585981944,0.5940683519373486,0.5040914970324333,0.7114058189327981
2018-03-31,0.47029068229820276,0.46330711067305647,0.6089212795804734,0.5159064340808602,0.6532683798095841
2018-04-30,0.5543542218827002,0.5730484685036794,0.586981561437094,0.5347554456396792,0.6510541881082673
2018-05-31,0.6057992597344029,0.4607993474373136,0.543337490684311,0.4897370148079429,0.6970125301130833
2018-06-30,0.4968536416034586,0.5605678001146104,0.5740124534522114,0.5669947899182775,0.6477734370605784
2018-07-31,0.4193835520575949,0.43328649943910424,0.6766920827419335,0.5302083557547841,0.5982509533904995
2018-08-31,0.5856847703029325,0.4154437735268226,0.6106873329286904,0.5142048172621144,0.6698126792548953
2018-09-30,0.43886463603446596,0.4970978011428593,0.563133618273668,0.4843704224112225,0.6689809356201827
2018-10-31,0.3788157859809086,0.5686804017785558,0.5543165218097781,0.5575273018490738,0.6407159135407583
2018-11-30,0.4528257749954097,0.42420836567538556,0.5807954542544697,0.5534644291176791,0.6160948247538642
2018-12-31,0.44441728750349174,0.4114590330513233,0.6062550210128607,0.5269655539987685,0.5436039451478855
2019-01-31,0.6325734415325875,0.5197069795451611,0.5121612441445523,0.504247612912381,0.5908773452371189
2019-02-28,0.578713091339729,0.44121313724530864,0.6510769669814195,0.5215473168492106,0.7335222610098837
2019-03-31,0.4527587646955039,0.48722202726721187,0.563187302234006,0.469857252987744,0.6446735631610905
2019-04-30,0.5520006493777304,0.46139667306830423,0.5857289707591786,0.5103269499657723,0.652552113755739
2019-05-31,0.48025318041811177,0.37553338877302894,0.5399400557935577,0.5208961851692054,0.612102307471694
2019-06-30,0.6429316028490908,0.43472731369263223,0.5973145011604682,0.47645937882896333,0.5902177288861804
2019-07-31,0.43643470633328696,0.4218444588942863,0.6558296250578759,0.514339920812712,0.6073448276388526
2019-08-31,0.42811631497908587,0.42977227203032475,0.5793124888809142,0.5271372508785142,0.6122146589786173
2019-09-30,0.5701806437845378,0.5612463329673419,0.6119046754316252,0.5649670897072238,0.5305566531812463
2019-10-31,0.5432608419512821,0.4101057927097008,0.587957653845994,0.4985350315248914,0.6829211558252001
2019-11-30,0.5918388220988645,0.4477903487541168,0.6051489546394958,0.48198770592886986,0.7242556949495973
2019-12-31,0.6255570701182152,0.5337611430471466,0.5438239699791609,0.46823882391877086,0.5995879487099488
2020-01-31,0.46514057780372564,0.456406870249327,0.5300087303998517,0.5014816533709114,0.6376842940640535
2020-02-29,0.5249641121524766,0.42221995526215816,0.5748360805589785,0.4275537807638667,0.6653865517078066
2020-03-31,0.5029199858157879,0.444185117046304,0.5531384706684342,0.5394021587417079,0.4968658207207045
2020-04-30,0.6246938654063553,0.5182798147018878,0.5137347136933041,0.43205376134494855,0.4516907087953324
2020-05-31,0.6009475810796162,0.46520041300339476,0.5318305323143747,0.4283685997624411,0.5308027132973993
2020-06-30,0.568538357027955,0.5300572544532417,0.48874571793242994,0.4567789209614442,0.5476770916168592
2020-07-31,0.5174325467668716,0.4612280538581589,0.5423955111578634,0.5062345097225929,0.5415911235109271
2020-08-31,0.5965220804769971,0.5036965544135826,0.5849785105627254,0.46563054280365945,0.5654550778197082
2020-09-30,0.49880022201374286,0.46705407867698157,0.5579497632060483,0.48651956594394274,0.6570448434442759
2020-10-31,0.5261663729973006,0.5374677652869828,0.5269980325534865,0.5628608891765576,0.5742978419715655
2020-11-30,0.6298369788588567,0.6216698263871846,0.4774083112108874,0.5533466328127586,0.5054138958809749
2020-12-31,0.5520057588493957,0.5951809565797864,0.5171335347536354,0.4954237488433742,0.6846732169185109
2021-01-31,0.5251490249150107,0.5453104665334113,0.5338558166205915,0.5212783240157509,0.5371073699500387
2021-02-28,0.6046695937457749,0.6313044113900059,0.47604069656719783,0.5533129007460692,0.5035486264578573
2021-03-31,0.49792773109125954,0.5772245345623747,0.5779240690358866,0.6085561870993352,0.5328140869258424
2021-04-30,0.45663129839775446,0.5063668735423678,0.5920873383228471,0.5058866871649692,0.5346245297755415
2021-05-31,0.5175714602482646,0.637930261270996,0.5594306647248698,0.5621967433821339,0.5820278766981968
2021-06-30,0.5659493516039332,0.4850901019142118,0.5409030461960035,0.5410123459966684,0.6097454016413303
2021-07-31,0.4341316616220311,0.49116176306693365,0.557732668960393,0.5942492180195191,0.4490787198236707
2021-08-31,0.526928265631762,0.44956546591833807,0.5392297794115476,0.45917320961415287,0.6933822195393673
2021-09-30,0.4810031679001534,0.6160054919161184,0.5292464087568598,0.5901120779391642,0.6490488460492168
2021-10-31,0.5032811114258244,0.4598466074975071,0.561647100886841,0.5399794481205358,0.5807300799150383
2021-11-30,0.3799107044262573,0.5477490687805424,0.5636011296511106,0.5787800352404465,0.5151803148256575
